data,any,trimestre,num_document,import,situacio,codi_operacio,nif_tercer,proveidor,descripcio,categoria,font,menjo_score,menjo_total_cat,menjo_num_cont,menjo_slug,calaf_score,calaf_pct_pressupost,calaf_anys
2026-01-01,2026,1,F/2026/1,905.98,$1 - Contabilizada,220260000153.0,,KONE ELEVADORES SA,MANTENIMENT ASCENSORS,Manteniment,portal_2026_Q1,,,,,,,
2026-01-01,2026,1,F/2026/2,52.95,$1 - Contabilizada,220260000215.0,,TYCO INTEGRATED SECURITY SL,SEGURETAT,Serveis,portal_2026_Q1,,,,,,,
2026-01-01,2026,1,F/2026/3,52.95,$1 - Contabilizada,220260000218.0,,TYCO INTEGRATED SECURITY SL,SEGURETAT,Serveis,portal_2026_Q1,,,,,,,
2026-01-01,2026,1,F/2026/4,33.9,$1 - Contabilizada,220260000212.0,,TYCO INTEGRATED SECURITY SL,SEGURETAT CRO,Serveis,portal_2026_Q1,,,,,,,
2026-01-01,2026,1,F/2026/5,33.83,$1 - Contabilizada,220260000221.0,,TYCO INTEGRATED SECURITY SL,SEGURETAT,Serveis,portal_2026_Q1,,,,,,,
2026-01-01,2026,1,F/2026/6,144.84,$1 - Contabilizada,220260000156.0,,SECURITAS DIRECT,SEGURETAT,Serveis,portal_2026_Q1,,,,,,,
2026-01-01,2026,1,F/2026/7,166.98,$1 - Contabilizada,220260000159.0,,SECURITAS DIRECT,SEGURETAT,Serveis,portal_2026_Q1,,,,,,,
2026-01-01,2026,1,F/2026/8,166.94,$1 - Contabilizada,220260000162.0,,SECURITAS DIRECT,SEGURETAT,Serveis,portal_2026_Q1,,,,,,,
2026-01-01,2026,1,F/2026/10,73.79,$1 - Contabilizada,220260000164.0,,MOVISTAR PROSEGUR ALARMAS SL,PROVEÏMENT DOMICILIARI AIGUA POTABLE,Serveis,portal_2026_Q1,,,,,,,
2026-01-01,2026,1,F/2026/11,78.98,$1 - Contabilizada,220260000167.0,,MOVISTAR PROSEGUR ALARMAS SL,SEGURETAT,Serveis,portal_2026_Q1,,,,,,,
2026-01-02,2026,1,F/2026/12,110.15,$1 - Contabilizada,220260000479.0,,COESMA EXPENEDORES SL,AIGUA SUBMINISTRAMENT FONS,Serveis,portal_2026_Q1,,,,,,,
2026-01-02,2026,1,F/2026/13,217.8,$1 - Contabilizada,220260000223.0,,SOLITIUM CONTROL GROUP SA,MATERIAL INFORMÀTIC NO INVENTARIABLE.,Altres,portal_2026_Q1,,,,,,,
2026-01-02,2026,1,F/2026/14,122.51,$1 - Contabilizada,220260000481.0,,ETECNIC MOVILIDAD ELECTRICA SRL,MANTENIMENT PUNT DE RECÀRREGA,Manteniment,portal_2026_Q1,,,,,,,
2026-01-02,2026,1,F/2026/15,31.62,$1 - Contabilizada,220260000226.0,,SIC24 SECURITY SYSTEMS SL,SEGURETAT,Serveis,portal_2026_Q1,,,,,,,
2026-01-02,2026,1,F/2026/16,61.87,$1 - Contabilizada,220260000229.0,,SIC24 SECURITY SYSTEMS SL,SEGURETAT,Serveis,portal_2026_Q1,,,,,,,
2026-01-02,2026,1,F/2026/17,373.0,$1 - Contabilizada,220260000571.0,,ASSOCIACIO DE MUNICIPIS PER LA INDEPENDENCIA,ENTITATS MUNICIPALISTES,Altres,portal_2026_Q1,,,,,,,
2026-01-02,2026,1,F/2026/18,368.52,$1 - Contabilizada,220260000231.0,,VIRTUAL REALITY SOLUTIONS SL,VIDEOACTES. PROF INDEP,Altres,portal_2026_Q1,,,,,,,
2026-01-02,2026,1,F/2026/19,326.7,$1 - Contabilizada,220260000233.0,,VIRTUAL REALITY SOLUTIONS SL,VIDEOACTES. PROF INDEP,Altres,portal_2026_Q1,,,,,,,
2026-01-02,2026,1,F/2026/20,100.83,$1 - Contabilizada,220260000169.0,,ESTACIO SERVEI CALAF SL,COMBUSTIBLES I CARBURANTS N.VIARIA,Serveis,portal_2026_Q1,,,,,,,
2026-01-02,2026,1,F/2026/21,2265.93,$1 - Contabilizada,220260000171.0,,ESTACIO SERVEI CALAF SL,COMBUSTIBLES I CARBURANTS N.VIARIA,Serveis,portal_2026_Q1,,,,,,,
2026-01-03,2026,1,F/2026/22,274.43,$1 - Contabilizada,220260001602.0,,FERRETERIA RIERA SL,Multiaplicació,Altres,portal_2026_Q1,,,,,,,
2026-01-04,2026,1,F/2026/23,63.53,$1 - Contabilizada,220260000173.0,,CORREOS Y TELEGRAFOS-JEFATURA PROVICIAL DE BARCELONA,COMUNICACIONS POSTALS,Altres,portal_2026_Q1,,,,,,,
2026-01-05,2026,1,F/2026/24,1048.83,$1 - Contabilizada,220260001537.0,,ENTIDAD MAYA SL,MATERIAL ESPECIFIC PER DEPARTAMENTS,Altres,portal_2026_Q1,,,,,,,
2026-01-05,2026,1,F/2026/25,834.9,$1 - Contabilizada,220260000671.0,,"SISTEMAS Y PROCESOS DE GESTION , CERTIFICACION SL",SEGURETAT CRO,Serveis,portal_2026_Q1,,,,,,,
2026-01-06,2026,1,F/2026/27,40.32,$1 - Contabilizada,220260000175.0,,PHS SERKONTEN SA,PRODUCTES NETEJA I ACONDICIONAMENT POLIESPORTIU,Obra pública,portal_2026_Q1,,,,,,,
2026-01-07,2026,1,F/2026/28,1868.01,$1 - Contabilizada,220260000632.0,,ACRONET NETEJA SL,ALTRES TREBALLS REALITZATS EMPRESES I PROFESSIONALS,Altres,portal_2026_Q1,,,,,,,
2026-01-07,2026,1,F/2026/29,6624.97,$1 - Contabilizada,220260000177.0,,ACRONET NETEJA SL,ALTRES TREBALLS REALITZATS EMPRESES I PROFESSIONALS,Altres,portal_2026_Q1,,,,,,,
2026-01-07,2026,1,F/2026/30,283.14,$1 - Contabilizada,220260000482.0,,EDICIONS INTERCOMARCALS SA  (REGIO 7),PUBLICACIONS EN DIARIOS -NO- OFICIALS,Altres,portal_2026_Q1,,,,,,,
2026-01-07,2026,1,F/2026/31,2083.34,$1 - Contabilizada,220260000179.0,,RESIDENCIA L'ONADA SL,GESTIO CENTRE DE DIA,Altres,portal_2026_Q1,,,,,,,
2026-01-07,2026,1,F/2026/32,1103.13,$1 - Contabilizada,220260000181.0,,PREVINTEGRAL SL,PREVENCIÓ DE RISCOS,Altres,portal_2026_Q1,,,,,,,
2026-01-08,2026,1,F/2026/34,931.7,$1 - Contabilizada,220260000633.0,,GRUP SERVEIS 08700 IGUALADA SL,ACTIVITATS CULTURALS I FESTIVES,Altres,portal_2026_Q1,,,,,,,
2026-01-08,2026,1,F/2026/35,2683.05,$1 - Contabilizada,220260000659.0,,ROC BARNILS VIRGILI,SERVEIS PROFESIONALS EXTERNS JARDINERIA PaP,Altres,portal_2026_Q1,,,,,,,
2026-01-08,2026,1,F/2026/36,955.9,$1 - Contabilizada,220260000635.0,,PIELES Y CUEROS PALOMERAS Y GAMBUS SA,"REPARACIONS, MANTENIMENT I CONSERVACIO INFRAESTRUCTURA",Manteniment,portal_2026_Q1,,,,,,,
2026-01-08,2026,1,F/2026/37,2312.23,$1 - Contabilizada,220260000483.0,,ESPUBLICO SERVICIOS PARA LA ADMINISTRACION SA,MATERIAL INFORMÀTIC NO INVENTARIABLE.,Altres,portal_2026_Q1,,,,,,,
2026-01-08,2026,1,F/2026/38,840.95,$1 - Contabilizada,220260000637.0,,"AVILES PINTORES DE L'ANOIA, SL",REPARACIONS EDIFICIS I ALTRES CONSTR. POLIESPO,Obra pública,portal_2026_Q1,,,,,,,
2026-01-08,2026,1,F/2026/39,142.86,$1 - Contabilizada,220260001460.0,,ARGERICH MECANICA SL,Multiaplicació,Altres,portal_2026_Q1,,,,,,,
2026-01-09,2026,1,F/2026/40,934.45,$1 - Contabilizada,220260000674.0,,ENDESA ENERGIA SAU,ENERGIA ELECTRICA GIMFERRER CENTRE DE DIA,Serveis,portal_2026_Q1,,,,,,,
2026-01-09,2026,1,F/2026/41,805.91,$1 - Contabilizada,220260000183.0,,PROSETEL 95 SLU,COMBUSTIBLES I CARBURANTS GASOIL LLAR INF.,Serveis,portal_2026_Q1,,,,,,,
2026-01-09,2026,1,F/2026/42,5624.11,$1 - Contabilizada,220260000185.0,,ENS ABASTAMENT AIGUA TER LLOBREGAT,PROVEÏMENT DOMICILIARI AIGUA POTABLE,Serveis,portal_2026_Q1,,,,,,,
2026-01-09,2026,1,F/2026/43,99.0,$1 - Contabilizada,220260000457.0,,AUTOCARS PRATS SERRAT SL,FESTES POPULARS. REIS,Altres,portal_2026_Q1,,,,,,,
2026-01-11,2026,1,F/2026/44,358.4,$1 - Contabilizada,220260000675.0,,ENDESA ENERGIA SAU,ENERGIA ELÈCTRICA CAMP FUTB.,Serveis,portal_2026_Q1,,,,,,,
2026-01-11,2026,1,F/2026/45,199.63,$1 - Contabilizada,220260000676.0,,ENDESA ENERGIA SAU,ENLLUMENAT PUBLIC,Serveis,portal_2026_Q1,,,,,,,
2026-01-11,2026,1,F/2026/46,370.44,$1 - Contabilizada,220260000677.0,,ENDESA ENERGIA SAU,ENERGIA ELECTRICA CASA BERTRAN CASAL GENT GRAN,Serveis,portal_2026_Q1,,,,,,,
2026-01-12,2026,1,F/2026/47,169.0,$1 - Contabilizada,220260000187.0,,LLUCIA JOIERS SL,ATENCIONS PROTOCOL·LÀRIES I REPRESENTATIVES.,Altres,portal_2026_Q1,,,,,,,
2026-01-12,2026,1,F/2026/48,105.27,$1 - Contabilizada,220260000522.0,,SIKARRA NETWORKS SL,Multiaplicació,Altres,portal_2026_Q1,,,,,,,
2026-01-12,2026,1,F/2026/49,105.27,$1 - Contabilizada,220260000524.0,,INSTAL.LACIONS ALTA SEGARRA SLU,MANTENIMENT ENLLUMENAT,Manteniment,portal_2026_Q1,,,,,,,
2026-01-12,2026,1,F/2026/50,482.94,$1 - Contabilizada,220260000525.0,,INSTAL.LACIONS ALTA SEGARRA SLU,MANTENIMENT I REPARACIONS EDIFICI,Obra pública,portal_2026_Q1,,,,,,,
2026-01-13,2026,1,F/2026/51,1313.32,$1 - Contabilizada,220260000733.0,,ENDESA ENERGIA SAU,GAS CALEFACCIO,Serveis,portal_2026_Q1,,,,,,,
2026-01-13,2026,1,F/2026/52,1238.52,$1 - Contabilizada,220260000678.0,,ENDESA ENERGIA SAU,ENLLUMENAT PUBLIC,Serveis,portal_2026_Q1,,,,,,,
2026-01-13,2026,1,F/2026/53,2998.95,$1 - Contabilizada,220260000734.0,,ENDESA ENERGIA SAU,GAS CALEFACCIO,Serveis,portal_2026_Q1,,,,,,,
2026-01-13,2026,1,F/2026/54,622.53,$1 - Contabilizada,220260000735.0,,ENDESA ENERGIA SAU,GAS CALEFACCIO,Serveis,portal_2026_Q1,,,,,,,
2026-01-13,2026,1,F/2026/55,392.04,$1 - Contabilizada,220260000189.0,,THINK-INK SG SL,ATENCIONS PROTOCOL·LÀRIES I REPRESENTATIVES.,Altres,portal_2026_Q1,,,,,,,
2026-01-13,2026,1,F/2026/56,217.8,$1 - Contabilizada,220260000191.0,,AGRO-RAMADERA DE SOLA SCP,FIRES I MERCAT DE CALAF,Altres,portal_2026_Q1,,,,,,,
2026-01-13,2026,1,F/2026/57,3.4,$1 - Contabilizada,220260000193.0,,PLANELL SA,ACTIVITATS ESPORTIVES,Altres,portal_2026_Q1,,,,,,,
2026-01-13,2026,1,F/2026/58,13.61,$1 - Contabilizada,220260000195.0,,CONSTRUCTORA DE CALAF SA,LLOGUER MAQUILARIA INSTAL.I UTILLATGE,Altres,portal_2026_Q1,,,,,,,
2026-01-13,2026,1,F/2026/59,766.6,$1 - Contabilizada,220260000206.0,,PIROTECNIA IGUAL S.A.,FESTES POPULARS. REIS,Altres,portal_2026_Q1,,,,,,,
2026-01-13,2026,1,F/2026/60,961.8,$1 - Contabilizada,220260000208.0,,PIROTECNIA IGUAL S.A.,FESTES POPULARS. REIS,Altres,portal_2026_Q1,,,,,,,
2026-01-13,2026,1,F/2026/61,465.12,$1 - Contabilizada,220260000198.0,,METAL.LISTERIA MARCET SL,"REPARACIONS, MANTENIMENT I CONSERVACIO INFRAESTRUCTURA",Manteniment,portal_2026_Q1,,,,,,,
2026-01-14,2026,1,F/2026/62,248.62,$1 - Contabilizada,220260000201.0,,SERVISOFT.CAT SL,PROVEÏMENT DOMICILIARI AIGUA POTABLE,Serveis,portal_2026_Q1,,,,,,,
2026-01-14,2026,1,F/2026/63,1555.54,$1 - Contabilizada,220260000151.0,,ENS ABASTAMENT AIGUA TER LLOBREGAT,Multiaplicació,Altres,portal_2026_Q1,,,,,,,
2026-01-14,2026,1,F/2026/64,1025.18,$1 - Contabilizada,220260000485.0,,GRUPO T AMBIENTAL ASLE SL,"REPARACIONS, MANTENIM.I CONSERV.VEHICLES N.VIARIA",Manteniment,portal_2026_Q1,,,,,,,
2026-01-14,2026,1,F/2026/65,623.3,$1 - Contabilizada,220260000203.0,,PROSETEL 95 SLU,COMBUSTIBLES I CARBURANTS GASOIL LLAR INF.,Serveis,portal_2026_Q1,,,,,,,
2026-01-14,2026,1,F/2026/66,1860.38,$1 - Contabilizada,220260000508.0,,"ING. CONTROL Y TRANSFERENCIA DE TECNOLOGIA,SA",COMERÇ-BARRIS ANTICS-TASTA LA PLAÇA-LLUMS NADAL,Altres,portal_2026_Q1,,,,,,,
2026-01-14,2026,1,F/2026/67,600.77,$1 - Contabilizada,220260000510.0,,"ING. CONTROL Y TRANSFERENCIA DE TECNOLOGIA,SA",COMERÇ-BARRIS ANTICS-TASTA LA PLAÇA-LLUMS NADAL,Altres,portal_2026_Q1,,,,,,,
2026-01-14,2026,1,F/2026/68,3129.06,$1 - Contabilizada,220260000527.0,,"ING. CONTROL Y TRANSFERENCIA DE TECNOLOGIA,SA",Multiaplicació,Altres,portal_2026_Q1,,,,,,,
2026-01-14,2026,1,F/2026/69,1697.03,$1 - Contabilizada,220260000512.0,,"ING. CONTROL Y TRANSFERENCIA DE TECNOLOGIA,SA",COMERÇ-BARRIS ANTICS-TASTA LA PLAÇA-LLUMS NADAL,Altres,portal_2026_Q1,,,,,,,
2026-01-14,2026,1,F/2026/70,10890.0,$1 - Contabilizada,220260000669.0,,CLAPAROLS ARQUITECTES SCP,RESIDÈNCIA,Obra pública,portal_2026_Q1,,,,,,,
2026-01-15,2026,1,F/2026/71,1561.67,$1 - Contabilizada,220260000148.0,,CORPORACIO ALIMENTARIA GUISSONA SA,SANITAT AMBIENTAL I ANIMALS DE CIA,Altres,portal_2026_Q1,,,,,,,
2026-01-15,2026,1,F/2026/72,140.36,$1 - Contabilizada,220260000529.0,,THINK-INK SG SL,FESTES POPULARS. REIS,Altres,portal_2026_Q1,,,,,,,
2026-01-15,2026,1,F/2026/73,224.29,$1 - Contabilizada,220260001462.0,,ARGERICH MECANICA SL,Multiaplicació,Altres,portal_2026_Q1,,,,,,,
2026-01-15,2026,1,F/2026/74,71.39,$1 - Contabilizada,220260000487.0,,COMUNICACIONS GLOBALS DE CATALUNYA SL,SERVEI TELECOMUNICACIONS,Serveis,portal_2026_Q1,,,,,,,
2026-01-16,2026,1,F/2026/75,806.1,$1 - Contabilizada,220260000531.0,,PARQUES Y JARDINES FABREGAS SLU,"REPARACIONS, MANTENIMENT I CONSERVACIO INFRAESTRUCTURA",Manteniment,portal_2026_Q1,,,,,,,
2026-01-16,2026,1,F/2026/76,261.28,$1 - Contabilizada,220260000533.0,,SUEPRAT IGUALADA SL,Multiaplicació,Altres,portal_2026_Q1,,,,,,,
2026-01-16,2026,1,F/2026/77,145.2,$1 - Contabilizada,220260000246.0,,"BAXI, SISTEMAS Y SERVICIOS DE CLIMATIZACION ,SL",MANTENIMENT EDIFICI ESCOLA MUSICA,Obra pública,portal_2026_Q1,,,,,,,
2026-01-16,2026,1,F/2026/78,3127.91,$1 - Contabilizada,220260000248.0,,"BAXI, SISTEMAS Y SERVICIOS DE CLIMATIZACION ,SL",MANTENIMENT CASA BERTRAN CASAL GENT GRAN,Manteniment,portal_2026_Q1,,,,,,,
2026-01-16,2026,1,F/2026/79,54.33,$1 - Contabilizada,220260000250.0,,"BAXI, SISTEMAS Y SERVICIOS DE CLIMATIZACION ,SL",MANTENIMENT EDIFICI ESCOLA MUSICA,Obra pública,portal_2026_Q1,,,,,,,
2026-01-16,2026,1,F/2026/80,377.52,$1 - Contabilizada,220260000252.0,,"BAXI, SISTEMAS Y SERVICIOS DE CLIMATIZACION ,SL",MATERIAL I REPARACIONS,Manteniment,portal_2026_Q1,,,,,,,
2026-01-16,2026,1,F/2026/81,101.24,$1 - Contabilizada,220260000488.0,,EUROFINS ANALISIS AGRO SA,EUROFINS CONTROL ANAL.LÍTIQUES,Altres,portal_2026_Q1,,,,,,,
2026-01-16,2026,1,F/2026/82,448.23,$1 - Contabilizada,220260000458.0,,ASCENSORS F. SALES SL,MANTENIMENT ASCENSORS,Manteniment,portal_2026_Q1,,,,,,,
2026-01-16,2026,1,F/2026/83,116.6,$1 - Contabilizada,220260000534.0,,PLANA FABREGA P.F.MANRESA SL,SEGURETAT,Serveis,portal_2026_Q1,,,,,,,
2026-01-17,2026,1,F/2026/84,1689.43,$1 - Contabilizada,220260000736.0,,ENDESA ENERGIA SAU,GAS CALEFACCIO GIMFERRER CENTRE DE DIA,Serveis,portal_2026_Q1,,,,,,,
2026-01-17,2026,1,F/2026/85,1313.39,$1 - Contabilizada,220260000737.0,,ENDESA ENERGIA SAU,GAS CALEFACCIO CRO,Serveis,portal_2026_Q1,,,,,,,
2026-01-17,2026,1,F/2026/86,214.73,$1 - Contabilizada,220260000738.0,,ENDESA ENERGIA SAU,GAS CALEFACCIO CASA BERTRAN CASAL GENT GRAN,Serveis,portal_2026_Q1,,,,,,,
2026-01-17,2026,1,F/2026/87,65.64,$1 - Contabilizada,220260000739.0,,ENDESA ENERGIA SAU,GAS CALEFACCIO,Serveis,portal_2026_Q1,,,,,,,
2026-01-17,2026,1,F/2026/88,5631.34,$1 - Contabilizada,220260000490.0,,CASTELL 3 CONSTRUCCIONS SL,"REPARACIONS, MANTENIMENT I CONSERVACIO INFRAESTRUCTURA",Manteniment,portal_2026_Q1,,,,,,,
2026-01-19,2026,1,F/2026/90,2601.5,$1 - Contabilizada,220260001196.0,,EDUARD FENOY I ASSOCIATS SLP`,PROFESSIONALS I ALTRES EMPRESES,Altres,portal_2026_Q1,,,,,,,
2026-01-19,2026,1,F/2026/91,90.75,$1 - Contabilizada,220260000536.0,,THINK-INK SG SL,INFORMACIO I PROMOCIO TURISTICA,Altres,portal_2026_Q1,,,,,,,
2026-01-19,2026,1,F/2026/92,484.0,$1 - Contabilizada,220260000661.0,,THINK-INK SG SL,Multiaplicació,Altres,portal_2026_Q1,,,,,,,
2026-01-20,2026,1,F/2026/94,80.1,$1 - Contabilizada,220260000492.0,,"BURGES REGI, CARME - DECORACIO I CORTINES",FESTES POPULARS. REIS,Altres,portal_2026_Q1,,,,,,,
2026-01-20,2026,1,F/2026/95,284.35,$1 - Contabilizada,220260000494.0,,"BURGES REGI, CARME - DECORACIO I CORTINES",FESTES POPULARS. REIS,Altres,portal_2026_Q1,,,,,,,
2026-01-20,2026,1,F/2026/96,717.4,$1 - Contabilizada,220260000538.0,,MANUEL HERNAN FERNANDEZ,Multiaplicació,Altres,portal_2026_Q1,,,,,,,
2026-01-20,2026,1,F/2026/97,85.62,$1 - Contabilizada,220260000679.0,,ELECTRA CALDENSE ENERGIA SA,ENERGIA ELECTRICA CRO,Serveis,portal_2026_Q1,,,,,,,
2026-01-20,2026,1,F/2026/98,14.39,$1 - Contabilizada,220260000680.0,,ELECTRA CALDENSE ENERGIA SA,ENERGIA ELECTRICA CRO,Serveis,portal_2026_Q1,,,,,,,
2026-01-20,2026,1,F/2026/99,98.74,$1 - Contabilizada,220260000681.0,,ELECTRA CALDENSE ENERGIA SA,ENERGIA ELECTRICA CRO,Serveis,portal_2026_Q1,,,,,,,
2026-01-20,2026,1,F/2026/100,48.84,$1 - Contabilizada,220260000682.0,,ELECTRA CALDENSE ENERGIA SA,ENERGIA ELECTRICA CRO,Serveis,portal_2026_Q1,,,,,,,
2026-01-20,2026,1,F/2026/101,58.61,$1 - Contabilizada,220260000683.0,,ELECTRA CALDENSE ENERGIA SA,ENERGIA ELECTRICA CRO,Serveis,portal_2026_Q1,,,,,,,
2026-01-20,2026,1,F/2026/102,29.49,$1 - Contabilizada,220260000684.0,,ELECTRA CALDENSE ENERGIA SA,ENERGIA ELECTRICA CRO,Serveis,portal_2026_Q1,,,,,,,
2026-01-20,2026,1,F/2026/103,47.3,$1 - Contabilizada,220260000685.0,,ELECTRA CALDENSE ENERGIA SA,ENERGIA ELECTRICA CRO,Serveis,portal_2026_Q1,,,,,,,
2026-01-20,2026,1,F/2026/104,287.01,$1 - Contabilizada,220260000686.0,,ELECTRA CALDENSE ENERGIA SA,ENERGIA ELECTRICA,Serveis,portal_2026_Q1,,,,,,,
2026-01-20,2026,1,F/2026/105,528.16,$1 - Contabilizada,220260000687.0,,ELECTRA CALDENSE ENERGIA SA,ENERGIA ELECTRICA NAU +ELECTRICITAT+V. SATÈL.LIT,Serveis,portal_2026_Q1,,,,,,,
2026-01-20,2026,1,F/2026/106,2816.18,$1 - Contabilizada,220260000688.0,,ELECTRA CALDENSE ENERGIA SA,ELECTRICITAT AIGUA/ETAP,Serveis,portal_2026_Q1,,,,,,,
2026-01-20,2026,1,F/2026/107,117.37,$1 - Contabilizada,220260000689.0,,ELECTRA CALDENSE ENERGIA SA,ENERGIA ELECTRICA CRO,Serveis,portal_2026_Q1,,,,,,,
2026-01-20,2026,1,F/2026/108,202.17,$1 - Contabilizada,220260000690.0,,ELECTRA CALDENSE ENERGIA SA,ENERGIA ELECTRICA OFICINA PUNT INFORMACIO,Serveis,portal_2026_Q1,,,,,,,
2026-01-20,2026,1,F/2026/109,629.25,$1 - Contabilizada,220260000691.0,,ELECTRA CALDENSE ENERGIA SA,ENERGIA ELECTRICA,Serveis,portal_2026_Q1,,,,,,,
2026-01-20,2026,1,F/2026/110,245.71,$1 - Contabilizada,220260000692.0,,ELECTRA CALDENSE ENERGIA SA,ENERGIA ELECTRICA,Serveis,portal_2026_Q1,,,,,,,
2026-01-20,2026,1,F/2026/111,1313.54,$1 - Contabilizada,220260000693.0,,ELECTRA CALDENSE ENERGIA SA,ENERGIA ELECTRICA,Serveis,portal_2026_Q1,,,,,,,
2026-01-20,2026,1,F/2026/112,202.59,$1 - Contabilizada,220260000694.0,,ELECTRA CALDENSE ENERGIA SA,ENERGIA ELECTRICA,Serveis,portal_2026_Q1,,,,,,,
2026-01-20,2026,1,F/2026/113,304.92,$1 - Contabilizada,220260000695.0,,ELECTRA CALDENSE ENERGIA SA,ELECTRICITAT PUNT DE RECÀRREGA,Serveis,portal_2026_Q1,,,,,,,
2026-01-20,2026,1,F/2026/115,1183.43,$1 - Contabilizada,220260000539.0,,VODAFONE ESPAÑA SAU,SERVEI TELECOMUNICACIONS,Serveis,portal_2026_Q1,,,,,,,
2026-01-21,2026,1,F/2026/116,484.0,$1 - Contabilizada,220260000576.0,,ASSOCIACIÓ PROTECTORA D' ANIMALS DE L' ANOIA,MANUTENCIÓ D'ANIMALS,Altres,portal_2026_Q1,,,,,,,
2026-01-21,2026,1,F/2026/117,188.25,$1 - Contabilizada,220260001369.0,,SAICA AGROINDUSTRIAL SL,Multiaplicació,Altres,portal_2026_Q1,,,,,,,
2026-01-21,2026,1,F/2026/118,6527.04,$1 - Contabilizada,220260000471.0,,TRANSPARENTA CICLE INTEGRAL DE L'AIGUA SL,PROVEÏMENT DOMICILIARI AIGUA POTABLE,Serveis,portal_2026_Q1,,,,,,,
2026-01-21,2026,1,F/2026/119,56.27,$1 - Contabilizada,220260000663.0,,SOLITIUM CONTROL GROUP SA,MATERIAL INFORMÀTIC NO INVENTARIABLE.,Altres,portal_2026_Q1,,,,,,,
2026-01-21,2026,1,F/2026/120,1194.22,$1 - Contabilizada,220260000578.0,,CA L'HUGUET JARDINERS SL,MANTENIMENT I CONSERVACIÓ PARCS I JARDINS,Manteniment,portal_2026_Q1,,,,,,,
2026-01-22,2026,1,F/2026/121,669.8,$1 - Contabilizada,220260000472.0,,PROSETEL 95 SLU,COMBUSTIBLES I CARBURANTS GASOIL LLAR INF.,Serveis,portal_2026_Q1,,,,,,,
2026-01-23,2026,1,F/2026/123,11.74,$1 - Contabilizada,220260000473.0,,PLANELL SA,"REPARACIONS, MANTENIMENT I CONSERVACIO INFRAESTRUCTURA",Manteniment,portal_2026_Q1,,,,,,,
2026-01-23,2026,1,F/2026/124,13.94,$1 - Contabilizada,220260000474.0,,PLANELL SA,"REPARACIONS, MANTENIMENT I CONSERVACIO INFRAESTRUCTURA",Manteniment,portal_2026_Q1,,,,,,,
2026-01-23,2026,1,F/2026/125,5.26,$1 - Contabilizada,220260000475.0,,PLANELL SA,"REPARACIONS, MANTENIMENT I CONSERVACIO INFRAESTRUCTURA",Manteniment,portal_2026_Q1,,,,,,,
2026-01-23,2026,1,F/2026/126,14.37,$1 - Contabilizada,220260000476.0,,PLANELL SA,"REPARACIONS, MANTENIMENT I CONSERVACIO INFRAESTRUCTURA",Manteniment,portal_2026_Q1,,,,,,,
2026-01-23,2026,1,F/2026/127,9.26,$1 - Contabilizada,220260000477.0,,PLANELL SA,MANTENIMENT REPARACIONS I CONSERVACIÓ,Manteniment,portal_2026_Q1,,,,,,,
2026-01-23,2026,1,F/2026/128,1511.24,$1 - Contabilizada,220260000495.0,,CENTRE MEDIC PLA D'URGELL SA (SERVEI SALUT A L'EMPRESA),PREVENCIÓ DE RISCOS,Altres,portal_2026_Q1,,,,,,,
2026-01-23,2026,1,F/2026/129,101.24,$1 - Contabilizada,220260000638.0,,EUROFINS ANALISIS AGRO SA,EUROFINS CONTROL ANAL.LÍTIQUES,Altres,portal_2026_Q1,,,,,,,
2026-01-23,2026,1,F/2026/130,456.0,$1 - Contabilizada,220260000580.0,,CASAL DE CALAF FUNDACIO PRIVADA,COMERÇ-BARRIS ANTICS-TASTA LA PLAÇA-LLUMS NADAL,Altres,portal_2026_Q1,,,,,,,
2026-01-24,2026,1,F/2026/131,102.33,$1 - Contabilizada,220260000696.0,,FACTOR ENERGIA SA,ENLLUMENAT PUBLIC,Serveis,portal_2026_Q1,,,,,,,
2026-01-24,2026,1,F/2026/132,14.77,$1 - Contabilizada,220260000697.0,,FACTOR ENERGIA SA,ENERGIA ELECTRICA,Serveis,portal_2026_Q1,,,,,,,
2026-01-24,2026,1,F/2026/133,25.22,$1 - Contabilizada,220260000698.0,,FACTOR ENERGIA SA,ENLLUMENAT PUBLIC,Serveis,portal_2026_Q1,,,,,,,
2026-01-24,2026,1,F/2026/134,39.93,$1 - Contabilizada,220260000699.0,,FACTOR ENERGIA SA,ENLLUMENAT PUBLIC,Serveis,portal_2026_Q1,,,,,,,
2026-01-24,2026,1,F/2026/135,21.49,$1 - Contabilizada,220260000700.0,,FACTOR ENERGIA SA,ENERGIA ELECTRICA,Serveis,portal_2026_Q1,,,,,,,
2026-01-24,2026,1,F/2026/136,4.94,$1 - Contabilizada,220260000701.0,,FACTOR ENERGIA SA,ELECTRICITAT CAMPANAR,Serveis,portal_2026_Q1,,,,,,,
2026-01-24,2026,1,F/2026/137,185.42,$1 - Contabilizada,220260000702.0,,FACTOR ENERGIA SA,ENLLUMENAT PUBLIC,Serveis,portal_2026_Q1,,,,,,,
2026-01-24,2026,1,F/2026/138,211.9,$1 - Contabilizada,220260000703.0,,FACTOR ENERGIA SA,ENLLUMENAT PUBLIC,Serveis,portal_2026_Q1,,,,,,,
2026-01-24,2026,1,F/2026/139,469.21,$1 - Contabilizada,220260000704.0,,FACTOR ENERGIA SA,ENERGIA ELÈCTRICA CAMP FUTB.,Serveis,portal_2026_Q1,,,,,,,
2026-01-24,2026,1,F/2026/140,268.39,$1 - Contabilizada,220260000705.0,,FACTOR ENERGIA SA,ENLLUMENAT PUBLIC,Serveis,portal_2026_Q1,,,,,,,
2026-01-24,2026,1,F/2026/141,97.01,$1 - Contabilizada,220260000706.0,,FACTOR ENERGIA SA,ENERGIA ELECTRICA,Serveis,portal_2026_Q1,,,,,,,
2026-01-24,2026,1,F/2026/142,95.69,$1 - Contabilizada,220260000707.0,,FACTOR ENERGIA SA,ENLLUMENAT PUBLIC,Serveis,portal_2026_Q1,,,,,,,
2026-01-24,2026,1,F/2026/143,122.36,$1 - Contabilizada,220260000708.0,,FACTOR ENERGIA SA,ENLLUMENAT PUBLIC,Serveis,portal_2026_Q1,,,,,,,
2026-01-24,2026,1,F/2026/144,12.89,$1 - Contabilizada,220260000709.0,,FACTOR ENERGIA SA,ENERGIA ELECTRICA,Serveis,portal_2026_Q1,,,,,,,
2026-01-24,2026,1,F/2026/145,265.14,$1 - Contabilizada,220260000710.0,,FACTOR ENERGIA SA,ENLLUMENAT PUBLIC,Serveis,portal_2026_Q1,,,,,,,
2026-01-24,2026,1,F/2026/146,182.9,$1 - Contabilizada,220260000711.0,,FACTOR ENERGIA SA,ENLLUMENAT PUBLIC,Serveis,portal_2026_Q1,,,,,,,
2026-01-24,2026,1,F/2026/147,211.34,$1 - Contabilizada,220260000712.0,,FACTOR ENERGIA SA,ENLLUMENAT PUBLIC,Serveis,portal_2026_Q1,,,,,,,
2026-01-24,2026,1,F/2026/148,10.67,$1 - Contabilizada,220260000713.0,,FACTOR ENERGIA SA,ENERGIA ELECTRICA,Serveis,portal_2026_Q1,,,,,,,
2026-01-24,2026,1,F/2026/149,118.19,$1 - Contabilizada,220260000714.0,,FACTOR ENERGIA SA,ENLLUMENAT PUBLIC,Serveis,portal_2026_Q1,,,,,,,
2026-01-24,2026,1,F/2026/150,32.05,$1 - Contabilizada,220260000715.0,,FACTOR ENERGIA SA,ENLLUMENAT PUBLIC,Serveis,portal_2026_Q1,,,,,,,
2026-01-24,2026,1,F/2026/151,42.22,$1 - Contabilizada,220260000716.0,,FACTOR ENERGIA SA,ENLLUMENAT PUBLIC,Serveis,portal_2026_Q1,,,,,,,
2026-01-24,2026,1,F/2026/152,93.21,$1 - Contabilizada,220260000717.0,,FACTOR ENERGIA SA,ENERGIA ELECTRICA,Serveis,portal_2026_Q1,,,,,,,
2026-01-24,2026,1,F/2026/153,205.71,$1 - Contabilizada,220260000718.0,,FACTOR ENERGIA SA,ENLLUMENAT PUBLIC,Serveis,portal_2026_Q1,,,,,,,
2026-01-24,2026,1,F/2026/154,25.28,$1 - Contabilizada,220260000719.0,,FACTOR ENERGIA SA,ENERGIA ELECTRICA,Serveis,portal_2026_Q1,,,,,,,
2026-01-24,2026,1,F/2026/155,141.97,$1 - Contabilizada,220260000720.0,,FACTOR ENERGIA SA,ENLLUMENAT PUBLIC,Serveis,portal_2026_Q1,,,,,,,
2026-01-24,2026,1,F/2026/156,414.56,$1 - Contabilizada,220260000721.0,,FACTOR ENERGIA SA,ENLLUMENAT PUBLIC,Serveis,portal_2026_Q1,,,,,,,
2026-01-24,2026,1,F/2026/157,63.1,$1 - Contabilizada,220260000722.0,,FACTOR ENERGIA SA,ENLLUMENAT PUBLIC,Serveis,portal_2026_Q1,,,,,,,
2026-01-24,2026,1,F/2026/158,158.82,$1 - Contabilizada,220260000723.0,,FACTOR ENERGIA SA,ENERGIA ELECTRICA,Serveis,portal_2026_Q1,,,,,,,
2026-01-24,2026,1,F/2026/159,180.5,$1 - Contabilizada,220260000724.0,,FACTOR ENERGIA SA,ENLLUMENAT PUBLIC,Serveis,portal_2026_Q1,,,,,,,
2026-01-24,2026,1,F/2026/160,199.17,$1 - Contabilizada,220260000725.0,,FACTOR ENERGIA SA,ENLLUMENAT PUBLIC,Serveis,portal_2026_Q1,,,,,,,
2026-01-24,2026,1,F/2026/161,32.85,$1 - Contabilizada,220260000726.0,,FACTOR ENERGIA SA,ENERGIA ELECTRICA,Serveis,portal_2026_Q1,,,,,,,
2026-01-24,2026,1,F/2026/162,32.05,$1 - Contabilizada,220260000727.0,,FACTOR ENERGIA SA,ENLLUMENAT PUBLIC,Serveis,portal_2026_Q1,,,,,,,
2026-01-24,2026,1,F/2026/163,13.33,$1 - Contabilizada,220260000728.0,,FACTOR ENERGIA SA,ENLLUMENAT PUBLIC,Serveis,portal_2026_Q1,,,,,,,
2026-01-24,2026,1,F/2026/164,259.21,$1 - Contabilizada,220260000729.0,,FACTOR ENERGIA SA,ENLLUMENAT PUBLIC,Serveis,portal_2026_Q1,,,,,,,
2026-01-24,2026,1,F/2026/165,51.32,$1 - Contabilizada,220260000730.0,,FACTOR ENERGIA SA,ELECTRICITAT ERMITA,Serveis,portal_2026_Q1,,,,,,,
2026-01-24,2026,1,F/2026/166,58.65,$1 - Contabilizada,220260000731.0,,FACTOR ENERGIA SA,ENLLUMENAT PUBLIC,Serveis,portal_2026_Q1,,,,,,,
2026-01-24,2026,1,F/2026/167,290.65,$1 - Contabilizada,220260000732.0,,FACTOR ENERGIA SA,ENLLUMENAT PUBLIC,Serveis,portal_2026_Q1,,,,,,,
2026-01-26,2026,1,F/2026/168,65.15,$1 - Contabilizada,220260000541.0,,JORDI FITO GIRALT,FESTES POPULARS. REIS,Altres,portal_2026_Q1,,,,,,,
2026-01-26,2026,1,F/2026/169,1530.42,$1 - Contabilizada,220260000672.0,,DAIMLER TRUCK FINANCIAL SERVICES ESPAÑA SAU,Multiaplicació,Altres,portal_2026_Q1,,,,,,,
2026-01-27,2026,1,F/2026/171,7380.95,$1 - Contabilizada,220260000496.0,,FERRER OJEDA,PRIMES ASSEGURANCES,Altres,portal_2026_Q1,,,,,,,
2026-01-27,2026,1,F/2026/173,49.2,$1 - Contabilizada,220260000497.0,,CERNAT IONEL,LOCOMOCIO DE PERSONAL NO DIRECTIU,Altres,portal_2026_Q1,,,,,,,
2026-01-27,2026,1,F/2026/174,1155.7,$1 - Contabilizada,220260000499.0,,CERNAT IONEL,COMERÇ-BARRIS ANTICS-TASTA LA PLAÇA-LLUMS NADAL,Altres,portal_2026_Q1,,,,,,,
2026-01-27,2026,1,F/2026/175,960.5,$1 - Contabilizada,220260000542.0,,VODAFONE ESPAÑA SAU,Multiaplicació,Altres,portal_2026_Q1,,,,,,,
2026-01-28,2026,1,F/2026/176,34.8,$1 - Contabilizada,220260001405.0,,TELEFONICA DE ESPAÑA SAU,SERVEI TELECOMUNICACIONS,Serveis,portal_2026_Q1,,,,,,,
2026-01-28,2026,1,F/2026/177,423.31,$1 - Contabilizada,220260001603.0,,LOCALRET - CONSORCI LOCAL,MATERIAL ESPECIFIC - TIC,Altres,portal_2026_Q1,,,,,,,
2026-01-29,2026,1,F/2026/178,907.5,$1 - Contabilizada,220260001404.0,,VICOAT ARQUITECTURA SCP,PROFESSIONALS I ALTRES EMPRESES,Altres,portal_2026_Q1,,,,,,,
2026-01-30,2026,1,F/2026/179,1966.47,$1 - Contabilizada,220260000740.0,,ENDESA ENERGIA SAU,GAS CALEFACCIO,Serveis,portal_2026_Q1,,,,,,,
2026-01-30,2026,1,F/2026/180,1614.22,$1 - Contabilizada,220260000741.0,,ENDESA ENERGIA SAU,GAS CALEFACCIO,Serveis,portal_2026_Q1,,,,,,,
2026-01-30,2026,1,F/2026/181,46.7,$1 - Contabilizada,220260000500.0,,GREMI INSTAL.LADORS DEL L'ANOIA,PROFESSIONALS I ALTRES EMPRESES,Altres,portal_2026_Q1,,,,,,,
2026-01-30,2026,1,F/2026/182,142.93,$1 - Contabilizada,220260001335.0,,ID WASTE SL,MATERIAL ESPECIFIC PER DEPARTAMENTS,Altres,portal_2026_Q1,,,,,,,
2026-01-30,2026,1,F/2026/183,692.22,$1 - Contabilizada,220260000459.0,,PROSETEL 95 SLU,COMBUSTIBLES I CARBURANTS GASOIL LLAR INF.,Serveis,portal_2026_Q1,,,,,,,
2026-01-30,2026,1,F/2026/184,157.06,$1 - Contabilizada,220260000623.0,,"BAXI, SISTEMAS Y SERVICIOS DE CLIMATIZACION ,SL",MANTENIMENT GIMFERRER CENTRE DE DIA,Manteniment,portal_2026_Q1,,,,,,,
2026-01-30,2026,1,F/2026/185,254.1,$1 - Contabilizada,220260000461.0,,"BAXI, SISTEMAS Y SERVICIOS DE CLIMATIZACION ,SL",MANTENIMENT CASA BERTRAN CASAL GENT GRAN,Manteniment,portal_2026_Q1,,,,,,,
2026-01-30,2026,1,F/2026/186,254.1,$1 - Contabilizada,220260000463.0,,"BAXI, SISTEMAS Y SERVICIOS DE CLIMATIZACION ,SL",MANTENIMENT I REPARACIONS EDIFICI,Obra pública,portal_2026_Q1,,,,,,,
2026-01-30,2026,1,F/2026/187,254.1,$1 - Contabilizada,220260000465.0,,"BAXI, SISTEMAS Y SERVICIOS DE CLIMATIZACION ,SL",MANTENIMENT I REPARACIONS EDIFICI,Obra pública,portal_2026_Q1,,,,,,,
2026-01-30,2026,1,F/2026/188,729.87,$1 - Contabilizada,220260000467.0,,"BAXI, SISTEMAS Y SERVICIOS DE CLIMATIZACION ,SL",Multiaplicació,Altres,portal_2026_Q1,,,,,,,
2026-01-31,2026,1,F/2026/189,55.66,$1 - Contabilizada,220260000502.0,,CARDIOSOS GLOBAL PROTECTION SL,PREVENCIÓ SALUT,Altres,portal_2026_Q1,,,,,,,
2026-01-31,2026,1,F/2026/190,92.66,$1 - Contabilizada,220260001554.0,,INSTAL.LACIONS ALTA SEGARRA SLU,Multiaplicació,Altres,portal_2026_Q1,,,,,,,
2026-01-31,2026,1,F/2026/191,490.84,$1 - Contabilizada,220260001605.0,,INSTAL.LACIONS ALTA SEGARRA SLU,Multiaplicació,Altres,portal_2026_Q1,,,,,,,
2026-02-01,2026,1,F/2026/192,240.86,$1 - Contabilizada,220260000543.0,,SOLITIUM CONTROL GROUP SA,MATERIAL OFICINA NO INVENTARIABLE,Altres,portal_2026_Q1,,,,,,,
2026-02-01,2026,1,F/2026/193,322.59,$1 - Contabilizada,220260001606.0,,SOLITIUM CONTROL GROUP SA,LLOGUER FOTOCOPIADORES,Altres,portal_2026_Q1,,,,,,,
2026-02-02,2026,1,F/2026/194,34.81,$1 - Contabilizada,220260000545.0,,TYCO INTEGRATED SECURITY SL,SEGURETAT,Serveis,portal_2026_Q1,,,,,,,
2026-02-02,2026,1,F/2026/195,54.49,$1 - Contabilizada,220260000547.0,,TYCO INTEGRATED SECURITY SL,SEGURETAT,Serveis,portal_2026_Q1,,,,,,,
2026-02-02,2026,1,F/2026/196,54.49,$1 - Contabilizada,220260000549.0,,TYCO INTEGRATED SECURITY SL,SEGURETAT,Serveis,portal_2026_Q1,,,,,,,
2026-02-02,2026,1,F/2026/197,34.88,$1 - Contabilizada,220260000550.0,,TYCO INTEGRATED SECURITY SL,SEGURETAT CRO,Serveis,portal_2026_Q1,,,,,,,
2026-02-02,2026,1,F/2026/198,216.19,$1 - Contabilizada,220260000581.0,,ANTICIMEX 3D SANIDAD AMBIENTAL SA,SANITAT AMBIENTAL I ANIMALS DE CIA,Altres,portal_2026_Q1,,,,,,,
2026-02-02,2026,1,F/2026/199,6624.97,$1 - Contabilizada,220260000468.0,,ACRONET NETEJA SL,ALTRES TREBALLS REALITZATS EMPRESES I PROFESSIONALS,Altres,portal_2026_Q1,,,,,,,
2026-02-02,2026,1,F/2026/200,33.01,$1 - Contabilizada,220260000624.0,,LA MARCA CREA SL,VESTUARI,Altres,portal_2026_Q1,,,,,,,
2026-02-02,2026,1,F/2026/201,61.87,$1 - Contabilizada,220260000552.0,,SIC24 SECURITY SYSTEMS SL,SEGURETAT,Serveis,portal_2026_Q1,,,,,,,
2026-02-02,2026,1,F/2026/202,31.62,$1 - Contabilizada,220260000554.0,,SIC24 SECURITY SYSTEMS SL,SEGURETAT,Serveis,portal_2026_Q1,,,,,,,
2026-02-02,2026,1,F/2026/203,220.73,$1 - Contabilizada,220260000584.0,,COESMA EXPENEDORES SL,AIGUA SUBMINISTRAMENT FONS,Serveis,portal_2026_Q1,,,,,,,
2026-02-02,2026,1,F/2026/204,43.56,$1 - Contabilizada,220260000625.0,,JOSE ANTONIO SANCHEZ GUTIERREZ,"REPARACIONS, MANTENIMENT MOBILIARI I ESTRIS",Manteniment,portal_2026_Q1,,,,,,,
2026-02-02,2026,1,F/2026/205,217.8,$1 - Contabilizada,220260000555.0,,SOLITIUM CONTROL GROUP SA,MATERIAL INFORMÀTIC NO INVENTARIABLE.,Altres,portal_2026_Q1,,,,,,,
2026-02-02,2026,1,F/2026/206,3656.75,$1 - Contabilizada,220260000556.0,,FERRER OJEDA,PRIMES ASSEGURANCES,Altres,portal_2026_Q1,,,,,,,
2026-02-02,2026,1,F/2026/207,467.42,$1 - Contabilizada,220260000557.0,,MHP SERVICIOS DE CONTROL SL,CONTROL HORARI SERVEI PROFESSIONAL ADM.GEN,Altres,portal_2026_Q1,,,,,,,
2026-02-02,2026,1,F/2026/208,76.0,$1 - Contabilizada,220260000558.0,,MOVISTAR PROSEGUR ALARMAS SL,PROVEÏMENT DOMICILIARI AIGUA POTABLE,Serveis,portal_2026_Q1,,,,,,,
2026-02-02,2026,1,F/2026/209,78.98,$1 - Contabilizada,220260000560.0,,MOVISTAR PROSEGUR ALARMAS SL,SEGURETAT,Serveis,portal_2026_Q1,,,,,,,
2026-02-02,2026,1,F/2026/210,14.13,$1 - Contabilizada,220260000626.0,,RODI SERVEIS INTEGRALS AUTOMOCIO SL (RODI SIA SL),"REPARACIONS, MANTENIMENT I CONSERVACIO VEHICLES",Manteniment,portal_2026_Q1,,,,,,,
2026-02-02,2026,1,F/2026/211,1104.28,$1 - Contabilizada,220260000640.0,,QUIMICEL HIGIENE SL,Multiaplicació,Altres,portal_2026_Q1,,,,,,,
2026-02-02,2026,1,F/2026/213,2315.13,$1 - Contabilizada,220260000642.0,,NETEGES CALAF SL,Multiaplicació,Altres,portal_2026_Q1,,,,,,,
2026-02-02,2026,1,F/2026/215,383.16,$1 - Contabilizada,220260000503.0,,ESTACIO SERVEI CALAF SL,COMBUSTIBLES I CARBURANTS N.VIARIA,Serveis,portal_2026_Q1,,,,,,,
2026-02-02,2026,1,F/2026/216,1211.9,$1 - Contabilizada,220260000504.0,,ESTACIO SERVEI CALAF SL,COMBUSTIBLES I CARBURANTS N.VIARIA,Serveis,portal_2026_Q1,,,,,,,
2026-02-03,2026,1,F/2026/217,500.94,$1 - Contabilizada,220260001198.0,,CONSTRUCTORA DE CALAF SA,Multiaplicació,Altres,portal_2026_Q1,,,,,,,
2026-02-03,2026,1,F/2026/218,76.23,$1 - Contabilizada,220260001200.0,,CONSTRUCTORA DE CALAF SA,"REPARACIONS, MANTENIMENT I CONSERVACIO INFRAESTRUCTURA",Manteniment,portal_2026_Q1,,,,,,,
2026-02-03,2026,1,F/2026/219,248.62,$1 - Contabilizada,220260000562.0,,SERVISOFT.CAT SL,PROVEÏMENT DOMICILIARI AIGUA POTABLE,Serveis,portal_2026_Q1,,,,,,,
2026-02-03,2026,1,F/2026/220,2262.7,$1 - Contabilizada,220260001379.0,,ROC BARNILS VIRGILI,MANTENIMENT I CONSERVACIÓ PARCS I JARDINS,Manteniment,portal_2026_Q1,,,,,,,
2026-02-03,2026,1,F/2026/221,5116.36,$1 - Contabilizada,220260001377.0,,ROC BARNILS VIRGILI,MANTENIMENT I CONSERVACIÓ PARCS I JARDINS,Manteniment,portal_2026_Q1,,,,,,,
2026-02-03,2026,1,F/2026/222,122.51,$1 - Contabilizada,220260001336.0,,ETECNIC MOVILIDAD ELECTRICA SRL,MANTENIMENT PUNT DE RECÀRREGA,Manteniment,portal_2026_Q1,,,,,,,
2026-02-03,2026,1,F/2026/223,176.49,$1 - Contabilizada,220260001343.0,,EMINFOR SL,SANITAT AMBIENTAL I ANIMALS DE CIA,Altres,portal_2026_Q1,,,,,,,
2026-02-03,2026,1,F/2026/224,2057.0,$1 - Contabilizada,220260001401.0,,TALLER AURIA SCCL,Multiaplicació,Altres,portal_2026_Q1,,,,,,,
2026-02-03,2026,1,F/2026/225,5625.69,$1 - Contabilizada,220260000664.0,,TALLER AURIA SCCL,Multiaplicació,Altres,portal_2026_Q1,,,,,,,
2026-02-03,2026,1,F/2026/226,2057.0,$1 - Contabilizada,220260001407.0,,TALLER AURIA SCCL,Multiaplicació,Altres,portal_2026_Q1,,,,,,,
2026-02-03,2026,1,F/2026/228,907.5,$1 - Contabilizada,220260001375.0,,PAVELLOBSA NET I SERVELL SL,"REPARACIONS, MANTENIMENT I CONSERVACIO INFRAESTRUCTURA",Manteniment,portal_2026_Q1,,,,,,,
2026-02-03,2026,1,F/2026/229,2312.23,$1 - Contabilizada,220260001337.0,,ESPUBLICO SERVICIOS PARA LA ADMINISTRACION SA,MATERIAL INFORMÀTIC NO INVENTARIABLE.,Altres,portal_2026_Q1,,,,,,,
2026-02-03,2026,1,F/2026/230,3799.4,$1 - Contabilizada,220260000505.0,,FRAIKIN ALQUILER DE VEHICULOS SA,RENTING CÀMIÓ + SATÈL.LIT,Altres,portal_2026_Q1,,,,,,,
2026-02-04,2026,1,F/2026/231,682.44,$1 - Contabilizada,220260000563.0,,SOLITIUM CONTROL GROUP SA,MATERIAL INFORMÀTIC NO INVENTARIABLE.,Altres,portal_2026_Q1,,,,,,,
2026-02-04,2026,1,F/2026/233,42.1,$1 - Contabilizada,220260000565.0,,PHS SERKONTEN SA,Multiaplicació,Altres,portal_2026_Q1,,,,,,,
2026-02-04,2026,1,F/2026/236,368.52,$1 - Contabilizada,220260000566.0,,VIRTUAL REALITY SOLUTIONS SL,VIDEOACTES. PROF INDEP,Altres,portal_2026_Q1,,,,,,,
2026-02-04,2026,1,F/2026/237,163.35,$1 - Contabilizada,220260000567.0,,VIRTUAL REALITY SOLUTIONS SL,VIDEOACTES. PROF INDEP,Altres,portal_2026_Q1,,,,,,,
2026-02-04,2026,1,F/2026/239,50.82,$1 - Contabilizada,220260001334.0,,MOVILDATA INTERNACIONAL SL,LLOGUER MAQUILARIA INSTAL.I UTILLATGE,Altres,portal_2026_Q1,,,,,,,
2026-02-04,2026,1,F/2026/240,112.04,$1 - Contabilizada,220260000506.0,,CORREOS Y TELEGRAFOS-JEFATURA PROVICIAL DE BARCELONA,COMUNICACIONS POSTALS,Altres,portal_2026_Q1,,,,,,,
2026-02-04,2026,1,F/2026/241,227.38,$1 - Contabilizada,220260001463.0,,ARGERICH MECANICA SL,Multiaplicació,Altres,portal_2026_Q1,,,,,,,
2026-02-04,2026,1,F/2026/242,44.87,$1 - Contabilizada,220260001607.0,,JOAN MONTANER CASTELLANA FUSTERIA M3G,"REPARACIONS, MANTENIMENT I CONSERVACIO INFRAESTRUCTURA",Manteniment,portal_2026_Q1,,,,,,,
2026-02-04,2026,1,F/2026/243,130.99,$1 - Contabilizada,220260001556.0,,JOAN MONTANER CASTELLANA FUSTERIA M3G,MANTENIMENT CEMENTIRI,Manteniment,portal_2026_Q1,,,,,,,
2026-02-04,2026,1,F/2026/244,508.2,$1 - Contabilizada,220260001347.0,,JOAN MONTANER CASTELLANA FUSTERIA M3G,FESTES POPULARS. FESTIVAL DE LA CULTURA I L' ESPORT,Altres,portal_2026_Q1,,,,,,,
2026-02-05,2026,1,F/2026/245,194.05,$1 - Contabilizada,220260001473.0,,FACTOR ENERGIA SA,ENLLUMENAT PUBLIC,Serveis,portal_2026_Q1,,,,,,,
2026-02-05,2026,1,F/2026/246,2083.34,$1 - Contabilizada,220260000469.0,,RESIDENCIA L'ONADA SL,GESTIO CENTRE DE DIA,Altres,portal_2026_Q1,,,,,,,
2026-02-05,2026,1,F/2026/247,201.9,$1 - Contabilizada,220260001339.0,,EMINFOR SL,SANITAT AMBIENTAL I ANIMALS DE CIA,Altres,portal_2026_Q1,,,,,,,
2026-02-06,2026,1,F/2026/249,1837.05,$1 - Contabilizada,220260001345.0,,LAGOUME SL,PROFESSIONALS I ALTRES EMPRESES,Altres,portal_2026_Q1,,,,,,,
2026-02-06,2026,1,F/2026/250,385.0,$1 - Contabilizada,220260000470.0,,ASSOCIACIO DE FESTES I CULTURALD E PENELLES,SETMANA DE LA GENT GRAN (fisio-recreat i f-gent gran),Altres,portal_2026_Q1,,,,,,,
2026-02-06,2026,1,F/2026/251,398.63,$1 - Contabilizada,220260000666.0,,WURTH ESPAÑA SA.,"REPARACIONS, MANTENIMENT I CONSERVACIO VEHICLES",Manteniment,portal_2026_Q1,,,,,,,
2026-02-06,2026,1,F/2026/252,454.56,$1 - Contabilizada,220260001552.0,,ASSOCIACIO MUNICIPIS PAP,QUOTA ASSOCIACIÓ PORTA A PORTA,Altres,portal_2026_Q1,,,,,,,
2026-02-06,2026,1,F/2026/253,21.0,$1 - Contabilizada,220260000582.0,,CENTRE MEDIC PLA D'URGELL SA (SERVEI SALUT A L'EMPRESA),PREVENCIÓ DE RISCOS,Altres,portal_2026_Q1,,,,,,,
2026-02-06,2026,1,F/2026/254,12.1,$1 - Contabilizada,220260000583.0,,CENTRE MEDIC PLA D'URGELL SA (SERVEI SALUT A L'EMPRESA),PREVENCIÓ DE RISCOS,Altres,portal_2026_Q1,,,,,,,
2026-02-06,2026,1,F/2026/255,3630.0,$1 - Contabilizada,220260001202.0,,CAMON CONSULTING GROUP SL,DESPESES VARIES SERVEIS SOCIALS,Altres,portal_2026_Q1,,,,,,,
2026-02-08,2026,1,F/2026/256,477.95,$1 - Contabilizada,220260000644.0,,"AVILES PINTORES DE L'ANOIA, SL",REPARACIONS EDIFICIS I ALTRES CONSTR. POLIESPO,Obra pública,portal_2026_Q1,,,,,,,
2026-02-09,2026,1,F/2026/257,5990.78,$1 - Contabilizada,220260000645.0,,ENS ABASTAMENT AIGUA TER LLOBREGAT,PROVEÏMENT DOMICILIARI AIGUA POTABLE,Serveis,portal_2026_Q1,,,,,,,
2026-02-09,2026,1,F/2026/259,1724.25,$1 - Contabilizada,220260001204.0,,ACUSTIC ANOIA SL,ACTIVITATS ESPORTIVES,Altres,portal_2026_Q1,,,,,,,
2026-02-09,2026,1,F/2026/260,152.46,$1 - Contabilizada,220260001206.0,,CONSTRUCTORA DE CALAF SA,LLOGUER DE MAQUINARIA VIES PUBLIQUES,Altres,portal_2026_Q1,,,,,,,
2026-02-09,2026,1,F/2026/261,700.3,$1 - Contabilizada,220260000646.0,,PROSETEL 95 SLU,COMBUSTIBLES I CARBURANTS GASOIL LLAR INF.,Serveis,portal_2026_Q1,,,,,,,
2026-02-10,2026,1,F/2026/262,7804.5,$1 - Contabilizada,220260001208.0,,EDUARD FENOY I ASSOCIATS SLP`,PROFESSIONALS I ALTRES EMPRESES,Altres,portal_2026_Q1,,,,,,,
2026-02-10,2026,1,F/2026/263,726.0,$1 - Contabilizada,220260001210.0,,EDUARD FENOY I ASSOCIATS SLP`,PROFESSIONALS I ALTRES EMPRESES,Altres,portal_2026_Q1,,,,,,,
2026-02-10,2026,1,F/2026/264,181.5,$1 - Contabilizada,220260001349.0,,EMINFOR SL,SANITAT AMBIENTAL I ANIMALS DE CIA,Altres,portal_2026_Q1,,,,,,,
2026-02-10,2026,1,F/2026/265,653.4,$1 - Contabilizada,220260000951.0,,MANUEL HERNAN FERNANDEZ,SANITAT AMBIENTAL I ANIMALS DE CIA,Altres,portal_2026_Q1,,,,,,,
2026-02-11,2026,1,F/2026/266,1555.54,$1 - Contabilizada,220260000629.0,,ENS ABASTAMENT AIGUA TER LLOBREGAT,Multiaplicació,Altres,portal_2026_Q1,,,,,,,
2026-02-11,2026,1,F/2026/267,227.25,$1 - Contabilizada,220260000990.0,,ENTITAT AUTONOMA DE DIARI OFICIAL I DE PUBLICACIONS,PUBLICACIONS EN DIARIS OFICIALS,Altres,portal_2026_Q1,,,,,,,
2026-02-11,2026,1,F/2026/268,20.53,$1 - Contabilizada,220260000647.0,,PLANELL SA,VESTUARI,Altres,portal_2026_Q1,,,,,,,
2026-02-11,2026,1,F/2026/269,34.12,$1 - Contabilizada,220260000648.0,,PLANELL SA,MANTENIMENT REPARACIONS I CONSERVACIÓ,Manteniment,portal_2026_Q1,,,,,,,
2026-02-11,2026,1,F/2026/270,20.53,$1 - Contabilizada,220260000649.0,,PLANELL SA,VESTUARI,Altres,portal_2026_Q1,,,,,,,
2026-02-11,2026,1,F/2026/271,23.53,$1 - Contabilizada,220260000650.0,,PLANELL SA,"REPARACIONS, MANTENIMENT I CONSERVACIO INFRAESTRUCTURA",Manteniment,portal_2026_Q1,,,,,,,
2026-02-11,2026,1,F/2026/272,71.39,$1 - Contabilizada,220260000628.0,,COMUNICACIONS GLOBALS DE CATALUNYA SL,SERVEI TELECOMUNICACIONS,Serveis,portal_2026_Q1,,,,,,,
2026-02-11,2026,1,F/2026/273,191.18,$1 - Contabilizada,220260001353.0,,ID WASTE SL,"REPARACIONS, MANTENIMENT MOBILIARI I ESTRIS",Manteniment,portal_2026_Q1,,,,,,,
2026-02-11,2026,1,F/2026/274,84.94,$1 - Contabilizada,220260000668.0,,SIKARRA NETWORKS SL,SERVEI TELECOMUNICACIONS,Serveis,portal_2026_Q1,,,,,,,
2026-02-12,2026,1,F/2026/275,208.01,$1 - Contabilizada,220260000673.0,,AMPARO FERNANDEZ ROMERO,MANTENIMENT REPARACIONS I CONSERVACIÓ,Manteniment,portal_2026_Q1,,,,,,,
2026-02-12,2026,1,F/2026/276,193905.5,$1 - Contabilizada,220260000670.0,,ROMA INFRAESTRUCTURES I SERVEIS SA,RESIDÈNCIA,Obra pública,portal_2026_Q1,,,,,,,
2026-02-12,2026,1,F/2026/277,4174.5,$1 - Contabilizada,220260001576.0,,ECOPIME PROJECTS SL,RESIDÈNCIA,Obra pública,portal_2026_Q1,,,,,,,
2026-02-12,2026,1,F/2026/278,1100.0,$1 - Contabilizada,220260001381.0,,SEPMC COBLA LA NOVA VALLES,FESTES POPULARS. SANTA CALAMANDA,Altres,portal_2026_Q1,,,,,,,
2026-02-12,2026,1,F/2026/279,968.0,$1 - Contabilizada,220260001351.0,,GAUDIRE CONTINGUT CREATIU SL,FESTES POPULARS. SANTA CALAMANDA,Altres,portal_2026_Q1,,,,,,,
2026-02-12,2026,1,F/2026/280,395.07,$1 - Contabilizada,220260001355.0,,L25 1001 SL,"REPARACIONS, MANTENIMENT I CONSERVACIO INFRAESTRUCTURA",Manteniment,portal_2026_Q1,,,,,,,
2026-02-12,2026,1,F/2026/281,2008.6,$1 - Contabilizada,220260001385.0,,PROMOCION DE OBRA NUEVA Y REVALORIZACION DE PATRIMONIO INMOBILIARIO UNHA SL,"REPARACIONS, MANTENIMENT I CONSERVACIO INFRAESTRUCTURA",Manteniment,portal_2026_Q1,,,,,,,
2026-02-12,2026,1,F/2026/282,2873.75,$1 - Contabilizada,220260001371.0,,PIELES Y CUEROS PALOMERAS Y GAMBUS SA,"REPARACIONS, MANTENIMENT I CONSERVACIO INFRAESTRUCTURA",Manteniment,portal_2026_Q1,,,,,,,
2026-02-12,2026,1,F/2026/283,1433.85,$1 - Contabilizada,220260001383.0,,PIELES Y CUEROS PALOMERAS Y GAMBUS SA,"REPARACIONS, MANTENIMENT I CONSERVACIO INFRAESTRUCTURA",Manteniment,portal_2026_Q1,,,,,,,
2026-02-12,2026,1,F/2026/284,360.0,$1 - Contabilizada,220260001212.0,,AUTOCARS PRATS SERRAT SL,ACTIVITATS ESPORTIVES,Altres,portal_2026_Q1,,,,,,,
2026-02-13,2026,1,F/2026/285,8712.0,$1 - Contabilizada,220260001341.0,,PAVELLOBSA NET I SERVELL SL,"REPARACIONS, MANTENIMENT I CONSERVACIO INFRAESTRUCTURA",Manteniment,portal_2026_Q1,,,,,,,
2026-02-13,2026,1,F/2026/286,9.86,$1 - Contabilizada,220260001373.0,,SAICA AGROINDUSTRIAL SL,"REPARACIONS, MANTENIMENT I CONSERVACIO VEHICLES",Manteniment,portal_2026_Q1,,,,,,,
2026-02-13,2026,1,F/2026/287,14.82,$1 - Contabilizada,220260001372.0,,SAICA AGROINDUSTRIAL SL,"REPARACIONS, MANTENIMENT I CONSERVACIO VEHICLES",Manteniment,portal_2026_Q1,,,,,,,
2026-02-13,2026,1,F/2026/288,139.26,$1 - Contabilizada,220260001609.0,,SAICA AGROINDUSTRIAL SL,"REPARACIONS, MANTENIM.I CONSERV.VEHICLES N.VIARIA",Manteniment,portal_2026_Q1,,,,,,,
2026-02-16,2026,1,F/2026/289,145.2,$1 - Contabilizada,220260000652.0,,"PUBLICACIONS ANOIA, S.L.",PUBLICACIONS EN DIARIOS -NO- OFICIALS,Altres,portal_2026_Q1,,,,,,,
2026-02-17,2026,1,F/2026/290,1091.66,$1 - Contabilizada,220260001359.0,,MIRALLESTRES SL,LLOGUER DE MAQUINARIA VIES PUBLIQUES,Altres,portal_2026_Q1,,,,,,,
2026-02-17,2026,1,F/2026/291,619.88,$1 - Contabilizada,220260000653.0,,PROSETEL 95 SLU,COMBUSTIBLES I CARBURANTS GASOIL LLAR INF.,Serveis,portal_2026_Q1,,,,,,,
2026-02-18,2026,1,F/2026/292,174.9,$1 - Contabilizada,220260000655.0,,B-GRUP (JORCA SA),"REPARACIONS I MANTENIM.MAQ.INSTAL.I UTILL,PISCINA",Manteniment,portal_2026_Q1,,,,,,,
2026-02-18,2026,1,F/2026/293,104219.2,$1 - Contabilizada,220260001580.0,,INSTAL.LACIONS ALTA SEGARRA SLU,POLIESPORTIU (PREE5000),Obra pública,portal_2026_Q1,,,,,,,
2026-02-18,2026,1,F/2026/294,1419.48,$1 - Contabilizada,220260001214.0,,APLICACIONS ENERGETIQUES FUSTA SL,Multiaplicació,Altres,portal_2026_Q1,,,,,,,
2026-02-18,2026,1,F/2026/295,833.69,$1 - Contabilizada,220260001357.0,,MULE CALAF SLL,Multiaplicació,Altres,portal_2026_Q1,,,,,,,
2026-02-18,2026,1,F/2026/296,630.54,$1 - Contabilizada,220260001600.0,,FERRETERIA RIERA SL,Multiaplicació,Altres,portal_2026_Q1,,,,,,,
2026-02-19,2026,1,F/2026/297,167.11,$1 - Contabilizada,220260001387.0,,SERVEIS VIALS DEL VALLÈS S.L.,"REPARACIONS, MANTENIMENT I CONSERVACIO INFRAESTRUCTURA",Manteniment,portal_2026_Q1,,,,,,,
2026-02-19,2026,1,F/2026/298,907.05,$1 - Contabilizada,220260001333.0,,METAL.LURGICA RIERA S.L. - INSTAL.LACIONS RIERA,REPARACIONS EDIFICIS I ALTRES CONSTR. POLIESPO,Obra pública,portal_2026_Q1,,,,,,,
2026-02-19,2026,1,F/2026/299,2629.64,$1 - Contabilizada,220260001314.0,,ELECTRA CALDENSE ENERGIA SA,ELECTRICITAT AIGUA/ETAP,Serveis,portal_2026_Q1,,,,,,,
2026-02-19,2026,1,F/2026/300,755.02,$1 - Contabilizada,220260001315.0,,ELECTRA CALDENSE ENERGIA SA,ENERGIA ELECTRICA,Serveis,portal_2026_Q1,,,,,,,
2026-02-19,2026,1,F/2026/301,91.91,$1 - Contabilizada,220260001316.0,,ELECTRA CALDENSE ENERGIA SA,ENERGIA ELECTRICA CRO,Serveis,portal_2026_Q1,,,,,,,
2026-02-19,2026,1,F/2026/302,264.16,$1 - Contabilizada,220260001317.0,,ELECTRA CALDENSE ENERGIA SA,ENLLUMENAT PUBLIC,Serveis,portal_2026_Q1,,,,,,,
2026-02-19,2026,1,F/2026/303,565.53,$1 - Contabilizada,220260001318.0,,ELECTRA CALDENSE ENERGIA SA,ENERGIA ELECTRICA NAU +ELECTRICITAT+V. SATÈL.LIT,Serveis,portal_2026_Q1,,,,,,,
2026-02-19,2026,1,F/2026/304,307.42,$1 - Contabilizada,220260001319.0,,ELECTRA CALDENSE ENERGIA SA,ELECTRICITAT PUNT DE RECÀRREGA,Serveis,portal_2026_Q1,,,,,,,
2026-02-19,2026,1,F/2026/305,220.38,$1 - Contabilizada,220260001320.0,,ELECTRA CALDENSE ENERGIA SA,ENERGIA ELECTRICA,Serveis,portal_2026_Q1,,,,,,,
2026-02-19,2026,1,F/2026/306,208.34,$1 - Contabilizada,220260001321.0,,ELECTRA CALDENSE ENERGIA SA,ENERGIA ELECTRICA OFICINA PUNT INFORMACIO,Serveis,portal_2026_Q1,,,,,,,
2026-02-19,2026,1,F/2026/307,260.51,$1 - Contabilizada,220260001322.0,,ELECTRA CALDENSE ENERGIA SA,ENERGIA ELECTRICA,Serveis,portal_2026_Q1,,,,,,,
2026-02-19,2026,1,F/2026/308,1456.1,$1 - Contabilizada,220260001323.0,,ELECTRA CALDENSE ENERGIA SA,ENERGIA ELECTRICA,Serveis,portal_2026_Q1,,,,,,,
2026-02-19,2026,1,F/2026/310,305.02,$1 - Contabilizada,220260001557.0,,LA MARCA CREA SL,Multiaplicació,Altres,portal_2026_Q1,,,,,,,
2026-02-19,2026,1,F/2026/311,21.78,$1 - Contabilizada,220260001280.0,,COMERCIAL GLOBAL PAYMENTS SL,ALTRES DESPESES FINANCERES,Altres,portal_2026_Q1,,,,,,,
2026-02-20,2026,1,F/2026/313,25.91,$1 - Contabilizada,220260001474.0,,FACTOR ENERGIA SA,ENLLUMENAT PUBLIC,Serveis,portal_2026_Q1,,,,,,,
2026-02-20,2026,1,F/2026/314,166.18,$1 - Contabilizada,220260001475.0,,FACTOR ENERGIA SA,ENLLUMENAT PUBLIC,Serveis,portal_2026_Q1,,,,,,,
2026-02-20,2026,1,F/2026/315,4.9,$1 - Contabilizada,220260001476.0,,FACTOR ENERGIA SA,ELECTRICITAT CAMPANAR,Serveis,portal_2026_Q1,,,,,,,
2026-02-20,2026,1,F/2026/316,110.41,$1 - Contabilizada,220260001477.0,,FACTOR ENERGIA SA,ENLLUMENAT PUBLIC,Serveis,portal_2026_Q1,,,,,,,
2026-02-20,2026,1,F/2026/317,602.71,$1 - Contabilizada,220260001478.0,,FACTOR ENERGIA SA,ENERGIA ELÈCTRICA CAMP FUTB.,Serveis,portal_2026_Q1,,,,,,,
2026-02-20,2026,1,F/2026/318,19.48,$1 - Contabilizada,220260001479.0,,FACTOR ENERGIA SA,ENERGIA ELECTRICA,Serveis,portal_2026_Q1,,,,,,,
2026-02-20,2026,1,F/2026/319,134.83,$1 - Contabilizada,220260001480.0,,FACTOR ENERGIA SA,ENERGIA ELECTRICA,Serveis,portal_2026_Q1,,,,,,,
2026-02-20,2026,1,F/2026/320,108.77,$1 - Contabilizada,220260001481.0,,FACTOR ENERGIA SA,ENLLUMENAT PUBLIC,Serveis,portal_2026_Q1,,,,,,,
2026-02-20,2026,1,F/2026/321,821.64,$1 - Contabilizada,220260001482.0,,FACTOR ENERGIA SA,ENLLUMENAT PUBLIC,Serveis,portal_2026_Q1,,,,,,,
2026-02-20,2026,1,F/2026/322,75.67,$1 - Contabilizada,220260001483.0,,FACTOR ENERGIA SA,ELECTRICITAT ERMITA,Serveis,portal_2026_Q1,,,,,,,
2026-02-20,2026,1,F/2026/323,182.83,$1 - Contabilizada,220260001484.0,,FACTOR ENERGIA SA,ENLLUMENAT PUBLIC,Serveis,portal_2026_Q1,,,,,,,
2026-02-20,2026,1,F/2026/324,94.91,$1 - Contabilizada,220260001485.0,,FACTOR ENERGIA SA,ENERGIA ELECTRICA,Serveis,portal_2026_Q1,,,,,,,
2026-02-20,2026,1,F/2026/325,334.59,$1 - Contabilizada,220260001486.0,,FACTOR ENERGIA SA,ENLLUMENAT PUBLIC,Serveis,portal_2026_Q1,,,,,,,
2026-02-20,2026,1,F/2026/326,32.95,$1 - Contabilizada,220260001487.0,,FACTOR ENERGIA SA,ENLLUMENAT PUBLIC,Serveis,portal_2026_Q1,,,,,,,
2026-02-20,2026,1,F/2026/327,190.28,$1 - Contabilizada,220260001488.0,,FACTOR ENERGIA SA,ENLLUMENAT PUBLIC,Serveis,portal_2026_Q1,,,,,,,
2026-02-20,2026,1,F/2026/328,119.4,$1 - Contabilizada,220260001489.0,,FACTOR ENERGIA SA,ENLLUMENAT PUBLIC,Serveis,portal_2026_Q1,,,,,,,
2026-02-20,2026,1,F/2026/329,23.66,$1 - Contabilizada,220260001490.0,,FACTOR ENERGIA SA,ENERGIA ELECTRICA,Serveis,portal_2026_Q1,,,,,,,
2026-02-20,2026,1,F/2026/330,33.23,$1 - Contabilizada,220260001491.0,,FACTOR ENERGIA SA,ENERGIA ELECTRICA,Serveis,portal_2026_Q1,,,,,,,
2026-02-20,2026,1,F/2026/331,10.95,$1 - Contabilizada,220260001492.0,,FACTOR ENERGIA SA,ENERGIA ELECTRICA,Serveis,portal_2026_Q1,,,,,,,
2026-02-20,2026,1,F/2026/332,176.93,$1 - Contabilizada,220260001493.0,,FACTOR ENERGIA SA,ENLLUMENAT PUBLIC,Serveis,portal_2026_Q1,,,,,,,
2026-02-20,2026,1,F/2026/333,13.66,$1 - Contabilizada,220260001494.0,,FACTOR ENERGIA SA,ENLLUMENAT PUBLIC,Serveis,portal_2026_Q1,,,,,,,
2026-02-20,2026,1,F/2026/334,161.84,$1 - Contabilizada,220260001495.0,,FACTOR ENERGIA SA,ENLLUMENAT PUBLIC,Serveis,portal_2026_Q1,,,,,,,
2026-02-20,2026,1,F/2026/335,235.04,$1 - Contabilizada,220260001496.0,,FACTOR ENERGIA SA,ENLLUMENAT PUBLIC,Serveis,portal_2026_Q1,,,,,,,
2026-02-20,2026,1,F/2026/336,247.74,$1 - Contabilizada,220260001497.0,,FACTOR ENERGIA SA,ENLLUMENAT PUBLIC,Serveis,portal_2026_Q1,,,,,,,
2026-02-20,2026,1,F/2026/337,32.95,$1 - Contabilizada,220260001498.0,,FACTOR ENERGIA SA,ENLLUMENAT PUBLIC,Serveis,portal_2026_Q1,,,,,,,
2026-02-20,2026,1,F/2026/338,17.85,$1 - Contabilizada,220260001499.0,,FACTOR ENERGIA SA,ENERGIA ELECTRICA,Serveis,portal_2026_Q1,,,,,,,
2026-02-20,2026,1,F/2026/339,55.66,$1 - Contabilizada,220260001500.0,,FACTOR ENERGIA SA,ENLLUMENAT PUBLIC,Serveis,portal_2026_Q1,,,,,,,
2026-02-20,2026,1,F/2026/340,149.02,$1 - Contabilizada,220260001501.0,,FACTOR ENERGIA SA,ENERGIA ELECTRICA,Serveis,portal_2026_Q1,,,,,,,
2026-02-20,2026,1,F/2026/341,159.24,$1 - Contabilizada,220260001502.0,,FACTOR ENERGIA SA,ENLLUMENAT PUBLIC,Serveis,portal_2026_Q1,,,,,,,
2026-02-20,2026,1,F/2026/342,95.19,$1 - Contabilizada,220260001503.0,,FACTOR ENERGIA SA,ENLLUMENAT PUBLIC,Serveis,portal_2026_Q1,,,,,,,
2026-02-20,2026,1,F/2026/343,174.29,$1 - Contabilizada,220260001504.0,,FACTOR ENERGIA SA,ENLLUMENAT PUBLIC,Serveis,portal_2026_Q1,,,,,,,
2026-02-20,2026,1,F/2026/344,169.81,$1 - Contabilizada,220260001505.0,,FACTOR ENERGIA SA,ENLLUMENAT PUBLIC,Serveis,portal_2026_Q1,,,,,,,
2026-02-20,2026,1,F/2026/345,209.09,$1 - Contabilizada,220260001506.0,,FACTOR ENERGIA SA,ENLLUMENAT PUBLIC,Serveis,portal_2026_Q1,,,,,,,
2026-02-20,2026,1,F/2026/346,38.83,$1 - Contabilizada,220260001507.0,,FACTOR ENERGIA SA,ENLLUMENAT PUBLIC,Serveis,portal_2026_Q1,,,,,,,
2026-02-20,2026,1,F/2026/347,59.96,$1 - Contabilizada,220260001508.0,,FACTOR ENERGIA SA,ENLLUMENAT PUBLIC,Serveis,portal_2026_Q1,,,,,,,
2026-02-20,2026,1,F/2026/348,194.07,$1 - Contabilizada,220260001509.0,,FACTOR ENERGIA SA,ENLLUMENAT PUBLIC,Serveis,portal_2026_Q1,,,,,,,
2026-02-20,2026,1,F/2026/349,1115.12,$1 - Contabilizada,220260001324.0,,ENDESA ENERGIA SAU,ENLLUMENAT PUBLIC,Serveis,portal_2026_Q1,,,,,,,
2026-02-20,2026,1,F/2026/350,89.84,$1 - Contabilizada,220260001510.0,,FACTOR ENERGIA SA,ENLLUMENAT PUBLIC,Serveis,portal_2026_Q1,,,,,,,
2026-02-20,2026,1,F/2026/351,43.39,$1 - Contabilizada,220260001511.0,,FACTOR ENERGIA SA,ENLLUMENAT PUBLIC,Serveis,portal_2026_Q1,,,,,,,
2026-02-20,2026,1,F/2026/352,378.13,$1 - Contabilizada,220260001325.0,,ENDESA ENERGIA SAU,ENERGIA ELECTRICA CASA BERTRAN CASAL GENT GRAN,Serveis,portal_2026_Q1,,,,,,,
2026-02-22,2026,1,F/2026/353,242.0,$1 - Contabilizada,220260001559.0,,MARC PUJOL PUNTI,ESTUDIS I TREBALLS TECNICS,Altres,portal_2026_Q1,,,,,,,
2026-02-23,2026,1,F/2026/354,792.55,$1 - Contabilizada,220260001561.0,,GRUP SERVEIS 08700 IGUALADA SL,FESTES POPULARS.PELLOFA CARNESTOLTES,Altres,portal_2026_Q1,,,,,,,
2026-02-23,2026,1,F/2026/355,1202.74,$1 - Contabilizada,220260001538.0,,VODAFONE ESPAÑA SAU,SERVEI TELECOMUNICACIONS,Serveis,portal_2026_Q1,,,,,,,
2026-02-23,2026,1,F/2026/356,101.6,$1 - Contabilizada,220260001563.0,,GRUPO T AMBIENTAL ASLE SL,"REPARACIONS, MANTENIM.I CONSERV.VEHICLES N.VIARIA",Manteniment,portal_2026_Q1,,,,,,,
2026-02-23,2026,1,F/2026/357,907.5,$1 - Contabilizada,220260001433.0,,VICOAT ARQUITECTURA SCP,PROFESSIONALS I ALTRES EMPRESES,Altres,portal_2026_Q1,,,,,,,
2026-02-24,2026,1,F/2026/358,34.8,$1 - Contabilizada,220260000958.0,,TELEFONICA DE ESPAÑA SAU,SERVEI TELECOMUNICACIONS,Serveis,portal_2026_Q1,,,,,,,
2026-02-24,2026,1,F/2026/359,2236.08,$1 - Contabilizada,220260001225.0,,ARMARIOS ELECTRICOS SA,MANTENIMENT ENLLUMENAT,Manteniment,portal_2026_Q1,,,,,,,
2026-02-24,2026,1,F/2026/360,67370.11,$1 - Contabilizada,220260001578.0,,GESTIO D'OBRES I SERVEIS SOSTENIBLES SL,POLIESPORTIU (PREE5000),Obra pública,portal_2026_Q1,,,,,,,
2026-02-24,2026,1,F/2026/361,931.7,$1 - Contabilizada,220260001361.0,,FUNDACIÓ CHAMPAGNAT,ACTIVITATS ESPORTIVES,Altres,portal_2026_Q1,,,,,,,
2026-02-24,2026,1,F/2026/362,7.19,$1 - Contabilizada,220260000954.0,,PLANELL SA,MANTENIMENT I CONSERVACIÓ PARCS I JARDINS,Manteniment,portal_2026_Q1,,,,,,,
2026-02-24,2026,1,F/2026/363,32.19,$1 - Contabilizada,220260000957.0,,PLANELL SA,"REPARACIONS, MANTENIMENT I CONSERVACIO INFRAESTRUCTURA",Manteniment,portal_2026_Q1,,,,,,,
2026-02-24,2026,1,F/2026/364,176.3,$1 - Contabilizada,220260000956.0,,PLANELL SA,Multiaplicació,Altres,portal_2026_Q1,,,,,,,
2026-02-24,2026,1,F/2026/365,698.64,$1 - Contabilizada,220260000953.0,,OH DESAIGÜES 2003 SL,FESTES POPULARS.PELLOFA CARNESTOLTES,Altres,portal_2026_Q1,,,,,,,
2026-02-25,2026,1,F/2026/366,437.14,$1 - Contabilizada,220260001512.0,,ENDESA ENERGIA SAU,ENERGIA ELÈCTRICA CAMP FUTB.,Serveis,portal_2026_Q1,,,,,,,
2026-02-25,2026,1,F/2026/367,914.25,$1 - Contabilizada,220260001513.0,,ENDESA ENERGIA SAU,ENERGIA ELECTRICA GIMFERRER CENTRE DE DIA,Serveis,portal_2026_Q1,,,,,,,
2026-02-25,2026,1,F/2026/368,199.63,$1 - Contabilizada,220260001514.0,,ENDESA ENERGIA SAU,ENLLUMENAT PUBLIC,Serveis,portal_2026_Q1,,,,,,,
2026-02-25,2026,1,F/2026/369,1962.09,$1 - Contabilizada,220260001565.0,,ID WASTE SL,MATERIAL ESPECIFIC PER DEPARTAMENTS,Altres,portal_2026_Q1,,,,,,,
2026-02-25,2026,1,F/2026/370,539.88,$1 - Contabilizada,220260001388.0,,PROSETEL 95 SLU,COMBUSTIBLES I CARBURANTS GASOIL LLAR INF.,Serveis,portal_2026_Q1,,,,,,,
2026-02-25,2026,1,F/2026/371,728.75,$1 - Contabilizada,220260001363.0,,"ILLA BONASTRE, LLORENÇ - CAL GATELLS",FESTES POPULARS. REIS,Altres,portal_2026_Q1,,,,,,,
2026-02-26,2026,1,F/2026/372,942.87,$1 - Contabilizada,220260001408.0,,VODAFONE ESPAÑA SAU,Multiaplicació,Altres,portal_2026_Q1,,,,,,,
2026-02-26,2026,1,F/2026/373,682.44,$1 - Contabilizada,220260001389.0,,SOLITIUM CONTROL GROUP SA,MATERIAL INFORMÀTIC NO INVENTARIABLE.,Altres,portal_2026_Q1,,,,,,,
2026-02-26,2026,1,F/2026/374,188949.43,$1 - Contabilizada,220260001577.0,,MULE CALAF SLL,POLIESPORTIU (PREE5000),Obra pública,portal_2026_Q1,,,,,,,
2026-02-27,2026,1,F/2026/375,105.27,$1 - Contabilizada,220260001435.0,,THINK-INK SG SL,ATENCIONS PROTOCOL·LÀRIES I REPRESENTATIVES.,Altres,portal_2026_Q1,,,,,,,
2026-02-27,2026,1,F/2026/376,46.7,$1 - Contabilizada,220260001364.0,,GREMI INSTAL.LADORS DEL L'ANOIA,PROFESSIONALS I ALTRES EMPRESES,Altres,portal_2026_Q1,,,,,,,
2026-02-27,2026,1,F/2026/377,142.93,$1 - Contabilizada,220260001566.0,,ID WASTE SL,MATERIAL ESPECIFIC PER DEPARTAMENTS,Altres,portal_2026_Q1,,,,,,,
2026-03-02,2026,1,F/2026/378,4537.5,$1 - Contabilizada,220260001331.0,,ECOPIME PROJECTS SL,ESTUDIS I TREBALLS TECNICS,Altres,portal_2026_Q1,,,,,,,
2026-03-02,2026,1,F/2026/379,55.66,$1 - Contabilizada,220260001221.0,,CARDIOSOS GLOBAL PROTECTION SL,PREVENCIÓ SALUT,Altres,portal_2026_Q1,,,,,,,
2026-03-02,2026,1,F/2026/381,164.29,$1 - Contabilizada,220260001440.0,,SOLITIUM CONTROL GROUP SA,MATERIAL OFICINA NO INVENTARIABLE,Altres,portal_2026_Q1,,,,,,,
2026-03-02,2026,1,F/2026/382,458.0,$1 - Contabilizada,220260001327.0,,AFA ASSOCIACIO FAMILIES ESCOLA ALTA SEGARRA AMPA,ALTRES ACTIVITATS EDUCACIO PLA EDUCATIU D' ENTORN. PEE,Altres,portal_2026_Q1,,,,,,,
2026-03-02,2026,1,F/2026/383,4609.05,$1 - Contabilizada,220260001329.0,,AFA ASSOCIACIO FAMILIES ESCOLA ALTA SEGARRA AMPA,ALTRES ACTIVITATS EDUCACIO PLA EDUCATIU D' ENTORN. PEE,Altres,portal_2026_Q1,,,,,,,
2026-03-02,2026,1,F/2026/384,61.87,$1 - Contabilizada,220260001398.0,,SIC24 SECURITY SYSTEMS SL,SEGURETAT,Serveis,portal_2026_Q1,,,,,,,
2026-03-02,2026,1,F/2026/385,31.62,$1 - Contabilizada,220260001396.0,,SIC24 SECURITY SYSTEMS SL,SEGURETAT,Serveis,portal_2026_Q1,,,,,,,
2026-03-02,2026,1,F/2026/386,76.0,$1 - Contabilizada,220260001610.0,,MOVISTAR PROSEGUR ALARMAS SL,PROVEÏMENT DOMICILIARI AIGUA POTABLE,Serveis,portal_2026_Q1,,,,,,,
2026-03-02,2026,1,F/2026/387,78.98,$1 - Contabilizada,220260001612.0,,MOVISTAR PROSEGUR ALARMAS SL,SEGURETAT,Serveis,portal_2026_Q1,,,,,,,
2026-03-02,2026,1,F/2026/388,217.8,$1 - Contabilizada,220260001441.0,,SOLITIUM CONTROL GROUP SA,MATERIAL INFORMÀTIC NO INVENTARIABLE.,Altres,portal_2026_Q1,,,,,,,
2026-03-02,2026,1,F/2026/389,322.59,$1 - Contabilizada,220260001598.0,,SOLITIUM CONTROL GROUP SA,LLOGUER FOTOCOPIADORES,Altres,portal_2026_Q1,,,,,,,
2026-03-02,2026,1,F/2026/390,150.94,$1 - Contabilizada,220260001226.0,,COESMA EXPENEDORES SL,AIGUA SUBMINISTRAMENT FONS,Serveis,portal_2026_Q1,,,,,,,
2026-03-02,2026,1,F/2026/393,2315.13,$1 - Contabilizada,220260001366.0,,NETEGES CALAF SL,Multiaplicació,Altres,portal_2026_Q1,,,,,,,
2026-03-02,2026,1,F/2026/394,73.81,$1 - Contabilizada,220260001437.0,,WEB CULTURA SCP,DESPESES DIVERSES JUTJAT DE PAU,Altres,portal_2026_Q1,,,,,,,
2026-03-02,2026,1,F/2026/395,108.9,$1 - Contabilizada,220260001439.0,,WEB CULTURA SCP,FESTES POPULARS.PELLOFA CARNESTOLTES,Altres,portal_2026_Q1,,,,,,,
2026-03-02,2026,1,F/2026/397,480.47,$1 - Contabilizada,220260001391.0,,SERVEIS VIALS DEL VALLÈS S.L.,"REPARACIONS, MANTENIM.I CONSERV.VEHICLES N.VIARIA",Manteniment,portal_2026_Q1,,,,,,,
2026-03-02,2026,1,F/2026/398,205.1,$1 - Contabilizada,220260001215.0,,ESTACIO SERVEI CALAF SL,COMBUSTIBLES I CARBURANTS N.VIARIA,Serveis,portal_2026_Q1,,,,,,,
2026-03-03,2026,1,F/2026/405,5625.69,$1 - Contabilizada,220260001425.0,,TALLER AURIA SCCL,Multiaplicació,Altres,portal_2026_Q1,,,,,,,
2026-03-03,2026,1,F/2026/408,446.73,$1 - Contabilizada,220260001614.0,,COPIATELA SCP,PROVEÏMENT DOMICILIARI AIGUA POTABLE,Serveis,portal_2026_Q1,,,,,,,
2026-03-04,2026,1,F/2026/409,34.81,$1 - Contabilizada,220260001431.0,,TYCO INTEGRATED SECURITY SL,SEGURETAT,Serveis,portal_2026_Q1,,,,,,,
2026-03-04,2026,1,F/2026/410,34.88,$1 - Contabilizada,220260001402.0,,TYCO INTEGRATED SECURITY SL,SEGURETAT CRO,Serveis,portal_2026_Q1,,,,,,,
2026-03-04,2026,1,F/2026/411,54.49,$1 - Contabilizada,220260001429.0,,TYCO INTEGRATED SECURITY SL,SEGURETAT,Serveis,portal_2026_Q1,,,,,,,
2026-03-04,2026,1,F/2026/412,54.49,$1 - Contabilizada,220260001427.0,,TYCO INTEGRATED SECURITY SL,SEGURETAT,Serveis,portal_2026_Q1,,,,,,,
2026-03-04,2026,1,F/2026/413,6624.97,$1 - Contabilizada,220260001216.0,,ACRONET NETEJA SL,ALTRES TREBALLS REALITZATS EMPRESES I PROFESSIONALS,Altres,portal_2026_Q1,,,,,,,
2026-03-04,2026,1,F/2026/414,50.82,$1 - Contabilizada,220260001567.0,,MOVILDATA INTERNACIONAL SL,LLOGUER MAQUILARIA INSTAL.I UTILLATGE,Altres,portal_2026_Q1,,,,,,,
2026-03-04,2026,1,F/2026/416,42.1,$1 - Contabilizada,220260001392.0,,PHS SERKONTEN SA,PRODUCTES NETEJA I ACONDICIONAMENT POLIESPORTIU,Obra pública,portal_2026_Q1,,,,,,,
2026-03-04,2026,1,F/2026/417,159.0,$1 - Contabilizada,220260001313.0,,FERRER OJEDA,MATERIAL FOAP,Altres,portal_2026_Q1,,,,,,,
2026-03-04,2026,1,F/2026/418,1068.43,$1 - Contabilizada,220260001193.0,,MIRALLESTRES SL,FESTES POPULARS.PELLOFA CARNESTOLTES,Altres,portal_2026_Q1,,,,,,,
2026-03-04,2026,1,F/2026/419,368.52,$1 - Contabilizada,220260001442.0,,VIRTUAL REALITY SOLUTIONS SL,VIDEOACTES. PROF INDEP,Altres,portal_2026_Q1,,,,,,,
2026-03-04,2026,1,F/2026/420,163.35,$1 - Contabilizada,220260001443.0,,VIRTUAL REALITY SOLUTIONS SL,VIDEOACTES. PROF INDEP,Altres,portal_2026_Q1,,,,,,,
2026-03-04,2026,1,F/2026/428,589.45,$1 - Contabilizada,220260001217.0,,ESTACIO SERVEI CALAF SL,COMBUSTIBLES I CARBURANTS N.VIARIA,Serveis,portal_2026_Q1,,,,,,,
2026-03-04,2026,1,F/2026/429,297.77,$1 - Contabilizada,220260001223.0,,CORREOS Y TELEGRAFOS-JEFATURA PROVICIAL DE BARCELONA,PROVEÏMENT DOMICILIARI AIGUA POTABLE,Serveis,portal_2026_Q1,,,,,,,
2026-03-05,2026,1,F/2026/433,2083.34,$1 - Contabilizada,220260001393.0,,RESIDENCIA L'ONADA SL,GESTIO CENTRE DE DIA,Altres,portal_2026_Q1,,,,,,,
2026-03-05,2026,1,F/2026/434,49.17,$1 - Contabilizada,220260001219.0,,ARIDS SOLESTANY SA,FESTES POPULARS.PELLOFA CARNESTOLTES,Altres,portal_2026_Q1,,,,,,,
2026-03-06,2026,1,F/2026/439,5533.43,$1 - Contabilizada,220260001367.0,,ENS ABASTAMENT AIGUA TER LLOBREGAT,PROVEÏMENT DOMICILIARI AIGUA POTABLE,Serveis,portal_2026_Q1,,,,,,,
2026-03-06,2026,1,F/2026/440,1555.54,$1 - Contabilizada,220260001287.0,,ENS ABASTAMENT AIGUA TER LLOBREGAT,Multiaplicació,Altres,portal_2026_Q1,,,,,,,
2026-03-06,2026,1,F/2026/441,3799.4,$1 - Contabilizada,220260001568.0,,FRAIKIN ALQUILER DE VEHICULOS SA,RENTING CÀMIÓ + SATÈL.LIT,Altres,portal_2026_Q1,,,,,,,
2026-03-06,2026,1,F/2026/442,3630.0,$1 - Contabilizada,220260001615.0,,NOVA CELONA SL,CONTENCIOSOS-JURIDICS,Altres,portal_2026_Q1,,,,,,,
2026-03-06,2026,1,F/2026/443,726.0,$1 - Contabilizada,220260001465.0,,ANNA BUSQUET ALSINA,Multiaplicació,Altres,portal_2026_Q1,,,,,,,
2026-03-06,2026,1,F/2026/444,211.75,$1 - Contabilizada,220260001620.0,,ORIOL FALGUERA VILAMAJO,FESTES POPULARS.PELLOFA CARNESTOLTES,Altres,portal_2026_Q1,,,,,,,
2026-03-07,2026,1,F/2026/447,314.6,$1 - Contabilizada,220260001228.0,,CONSTRUCCIONS CREUS I JIMENEZ OBRA CIVIL SL,LLOGUER DE MAQUINARIA VIES PUBLIQUES,Altres,portal_2026_Q1,,,,,,,
2026-03-07,2026,1,F/2026/449,84.98,$1 - Contabilizada,220260001394.0,,SERVISOFT.CAT SL,PROVEÏMENT DOMICILIARI AIGUA POTABLE,Serveis,portal_2026_Q1,,,,,,,
2026-03-07,2026,1,F/2026/450,248.62,$1 - Contabilizada,220260001399.0,,SERVISOFT.CAT SL,PROGRAMARI AIGUA I FORMACIÓ,Serveis,portal_2026_Q1,,,,,,,
2026-03-09,2026,1,F/2026/454,55.06,$1 - Contabilizada,220260001422.0,,STAR FOC ANOIA S.L.,SEGURETAT,Serveis,portal_2026_Q1,,,,,,,
2026-03-09,2026,1,F/2026/455,47.19,$1 - Contabilizada,220260001420.0,,STAR FOC ANOIA S.L.,SEGURETAT,Serveis,portal_2026_Q1,,,,,,,
2026-03-09,2026,1,F/2026/456,147.62,$1 - Contabilizada,220260001418.0,,STAR FOC ANOIA S.L.,SEGURETAT,Serveis,portal_2026_Q1,,,,,,,
2026-03-09,2026,1,F/2026/457,23.6,$1 - Contabilizada,220260001416.0,,STAR FOC ANOIA S.L.,SEGURETAT,Serveis,portal_2026_Q1,,,,,,,
2026-03-09,2026,1,F/2026/458,124.03,$1 - Contabilizada,220260001412.0,,STAR FOC ANOIA S.L.,SEGURETAT,Serveis,portal_2026_Q1,,,,,,,
2026-03-09,2026,1,F/2026/459,7.87,$1 - Contabilizada,220260001414.0,,STAR FOC ANOIA S.L.,SEGURETAT,Serveis,portal_2026_Q1,,,,,,,
2026-03-09,2026,1,F/2026/461,7.87,$1 - Contabilizada,220260001424.0,,STAR FOC ANOIA S.L.,SEGURETAT,Serveis,portal_2026_Q1,,,,,,,
2026-03-09,2026,1,F/2026/462,7.87,$1 - Contabilizada,220260001410.0,,STAR FOC ANOIA S.L.,SEGURETAT,Serveis,portal_2026_Q1,,,,,,,
2026-03-09,2026,1,F/2026/463,590.05,$1 - Contabilizada,220260001182.0,,CORPORACIO ALIMENTARIA GUISSONA SA,AJUTS FAMILIES,Subvenció,portal_2026_Q1,,,,,,,
2026-03-09,2026,1,F/2026/464,563.81,$1 - Contabilizada,220260001185.0,,CORPORACIO ALIMENTARIA GUISSONA SA,AJUTS FAMILIES,Subvenció,portal_2026_Q1,,,,,,,
2026-03-09,2026,1,F/2026/465,78.65,$1 - Contabilizada,220260001516.0,,STAR FOC ANOIA S.L.,SEGURETAT,Serveis,portal_2026_Q1,,,,,,,
2026-03-09,2026,1,F/2026/466,47.19,$1 - Contabilizada,220260001518.0,,STAR FOC ANOIA S.L.,SEGURETAT,Serveis,portal_2026_Q1,,,,,,,
2026-03-09,2026,1,F/2026/467,23.6,$1 - Contabilizada,220260001520.0,,STAR FOC ANOIA S.L.,SEGURETAT,Serveis,portal_2026_Q1,,,,,,,
2026-03-09,2026,1,F/2026/468,44.77,$1 - Contabilizada,220260001522.0,,STAR FOC ANOIA S.L.,SEGURETAT,Serveis,portal_2026_Q1,,,,,,,
2026-03-09,2026,1,F/2026/469,70.79,$1 - Contabilizada,220260001524.0,,STAR FOC ANOIA S.L.,SEGURETAT,Serveis,portal_2026_Q1,,,,,,,
2026-03-09,2026,1,F/2026/470,117.98,$1 - Contabilizada,220260001526.0,,STAR FOC ANOIA S.L.,SEGURETAT,Serveis,portal_2026_Q1,,,,,,,
2026-03-09,2026,1,F/2026/471,33.88,$1 - Contabilizada,220260001528.0,,STAR FOC ANOIA S.L.,SEGURETAT,Serveis,portal_2026_Q1,,,,,,,
2026-03-09,2026,1,F/2026/472,7.87,$1 - Contabilizada,220260001530.0,,STAR FOC ANOIA S.L.,SEGURETAT,Serveis,portal_2026_Q1,,,,,,,
2026-03-09,2026,1,F/2026/473,195.42,$1 - Contabilizada,220260001539.0,,STAR FOC ANOIA S.L.,SEGURETAT,Serveis,portal_2026_Q1,,,,,,,
2026-03-09,2026,1,F/2026/474,145.2,$1 - Contabilizada,220260001540.0,,STAR FOC ANOIA S.L.,SEGURETAT,Serveis,portal_2026_Q1,,,,,,,
2026-03-09,2026,1,F/2026/475,7.87,$1 - Contabilizada,220260001542.0,,STAR FOC ANOIA S.L.,SEGURETAT,Serveis,portal_2026_Q1,,,,,,,
2026-03-09,2026,1,F/2026/476,167.59,$1 - Contabilizada,220260001543.0,,STAR FOC ANOIA S.L.,SEGURETAT,Serveis,portal_2026_Q1,,,,,,,
2026-03-09,2026,1,F/2026/477,636.46,$1 - Contabilizada,220260001532.0,,STAR FOC ANOIA S.L.,SEGURETAT,Serveis,portal_2026_Q1,,,,,,,
2026-03-09,2026,1,F/2026/478,233.53,$1 - Contabilizada,220260001622.0,,THINK-INK SG SL,DESPESES VARIES SERVEIS SOCIALS,Altres,portal_2026_Q1,,,,,,,
2026-03-10,2026,1,F/2026/483,220.0,$1 - Contabilizada,220260001617.0,,MONICA TORRA SOLANO,ALTRES ACTIVITATS EDUCACIO PLA EDUCATIU D' ENTORN. PEE,Altres,portal_2026_Q1,,,,,,,
2026-03-10,2026,1,F/2026/485,283.44,$1 - Contabilizada,220260001618.0,,ROSER LOPEZ OCAÑA,CONTENCIOSOS-JURIDICS,Altres,portal_2026_Q1,,,,,,,
2026-03-10,2026,1,F/2026/491,1454.09,$1 - Contabilizada,220260001624.0,,TRANSPARENTA CICLE INTEGRAL DE L'AIGUA SL,PROVEÏMENT DOMICILIARIA AIGUA POTABLE,Serveis,portal_2026_Q1,,,,,,,
2026-03-11,2026,1,F/2026/500,1530.42,$1 - Contabilizada,220260001551.0,,DAIMLER TRUCK FINANCIAL SERVICES ESPAÑA SAU,Multiaplicació,Altres,portal_2026_Q1,,,,,,,
2026-03-11,2026,1,F/2026/501,86.33,$1 - Contabilizada,220260001570.0,,SIKARRA NETWORKS SL,SERVEI TELECOMUNICACIONS,Serveis,portal_2026_Q1,,,,,,,
2026-03-11,2026,1,F/2026/502,66.28,$1 - Contabilizada,220260001467.0,,ANNA CALVET IBAÑEZ   - PAPERERIA,FIRES I MERCAT DE CALAF,Altres,portal_2026_Q1,,,,,,,
2026-03-11,2026,1,F/2026/503,25.39,$1 - Contabilizada,220260001469.0,,ANNA CALVET IBAÑEZ   - PAPERERIA,Multiaplicació,Altres,portal_2026_Q1,,,,,,,
2026-03-12,2026,1,F/2026/504,10861.87,$1 - Contabilizada,220260001544.0,,TRANSPARENTA CICLE INTEGRAL DE L'AIGUA SL,PROVEÏMENT DOMICILIARI AIGUA POTABLE,Serveis,portal_2026_Q1,,,,,,,
2026-03-12,2026,1,F/2026/505,233.01,$1 - Contabilizada,220260001625.0,,TRANSPARENTA CICLE INTEGRAL DE L'AIGUA SL,PROVEÏMENT DOMICILIARIA AIGUA POTABLE,Serveis,portal_2026_Q1,,,,,,,
2026-03-12,2026,1,F/2026/506,9726.88,$1 - Contabilizada,220260001545.0,,TRANSPARENTA CICLE INTEGRAL DE L'AIGUA SL,PROVEÏMENT DOMICILIARI AIGUA POTABLE,Serveis,portal_2026_Q1,,,,,,,
2026-03-12,2026,1,F/2026/507,409.59,$1 - Contabilizada,220260001626.0,,TRANSPARENTA CICLE INTEGRAL DE L'AIGUA SL,PROVEÏMENT DOMICILIARIA AIGUA POTABLE,Serveis,portal_2026_Q1,,,,,,,
2026-03-07,2026,1,F/2026/508,10.91,$1 - Contabilizada,220260001284.0,,ESMERALDA PASCUAL CHERCOLES / REGISTRE PROPIETAT IGUALADA 1,PROFESSIONALS I ALTRES EMPRESES,Altres,portal_2026_Q1,,,,,,,
2026-03-12,2026,1,F/2026/511,71.39,$1 - Contabilizada,220260001534.0,,COMUNICACIONS GLOBALS DE CATALUNYA SL,SERVEI TELECOMUNICACIONS,Serveis,portal_2026_Q1,,,,,,,
2026-03-13,2026,1,F/2026/517,149.56,$1 - Contabilizada,220260001471.0,,"BAXI, SISTEMAS Y SERVICIOS DE CLIMATIZACION ,SL",MANTENIMENT EDIFICI ESCOLA MUSICA,Obra pública,portal_2026_Q1,,,,,,,
2026-03-16,2026,1,F/2026/518,2700.0,$1 - Contabilizada,220260001572.0,,TALLER DE CINEMA ASSOCIACIO,ALTRES ACTIVITATS EDUCACIO PLA EDUCATIU D' ENTORN. PEE,Altres,portal_2026_Q1,,,,,,,
2026-03-16,2026,1,F/2026/519,100.0,$1 - Contabilizada,220260001574.0,,LA CRICA,FESTES POPULARS. FESTIVAL DE LA CULTURA I L' ESPORT,Altres,portal_2026_Q1,,,,,,,
2026-03-17,2026,1,F/2026/525,613.28,$1 - Contabilizada,220260001575.0,,PROSETEL 95 SLU,COMBUSTIBLES I CARBURANTS GASOIL LLAR INF.,Serveis,portal_2026_Q1,,,,,,,
2026-03-17,2026,1,F/2026/526,144.02,$1 - Contabilizada,220260001472.0,,AMPARO FERNANDEZ ROMERO,MANTENIMENT REPARACIONS I CONSERVACIÓ,Manteniment,portal_2026_Q1,,,,,,,
2026-03-17,2026,1,F/2026/527,807.18,$1 - Contabilizada,220260001546.0,,PROSETEL 95 SLU,COMBUSTIBLES I CARBURANTS GASOIL LLAR INF.,Serveis,portal_2026_Q1,,,,,,,
2026-03-18,2026,1,F/2026/532,284.83,$1 - Contabilizada,220260001642.0,,FORNELL CONSULTORS SLP,PROVEÏMENT DOMICILIARI AIGUA POTABLE,Serveis,portal_2026_Q1,,,,,,,
2026-03-23,2026,1,F/2026/557,143006.17,$1 - Contabilizada,220260001925.0,,INSTAL.LACIONS ALTA SEGARRA SLU,Multiaplicació,Altres,portal_2026_Q1,,,,,,,
2026-03-23,2026,1,F/2026/564,7199.5,$1 - Contabilizada,220260001907.0,,ECOPIME PROJECTS SL,POLIESPORTIU (PREE5000),Obra pública,portal_2026_Q1,,,,,,,
2026-03-23,2026,1,F/2026/565,87659.09,$1 - Contabilizada,220260001909.0,,MULE CALAF SLL,POLIESPORTIU (PREE5000),Obra pública,portal_2026_Q1,,,,,,,
2026-03-23,2026,1,F/2026/566,168003.68,$1 - Contabilizada,220260001910.0,,GESTIO D'OBRES I SERVEIS SOSTENIBLES SL,POLIESPORTIU (PREE5000),Obra pública,portal_2026_Q1,,,,,,,
2026-03-23,2026,1,F/2026/567,201500.65,$1 - Contabilizada,220260001908.0,,GESTIO D'OBRES I SERVEIS SOSTENIBLES SL,POLIESPORTIU (PREE5000),Obra pública,portal_2026_Q1,,,,,,,
2026-03-24,2026,1,F/2026/573,1185.8,$1 - Contabilizada,220260001905.0,,SGS TECNOS SA (ANTIC),POLIESPORTIU (PREE5000),Obra pública,portal_2026_Q1,,,,,,,
2026-03-26,2026,1,F/2026/578,3061.3,$1 - Contabilizada,220260001903.0,,FAURA-CASAS AUDITORS CONSULTORS SL,POLIESPORTIU (PREE5000),Obra pública,portal_2026_Q1,,,,,,,
2026-01-22,2026,1,F/2026/122,32.67,E - Registrada,,,COMERCIAL GLOBAL PAYMENTS SL,ALTRES DESPESES FINANCERES,Altres,portal_2026_Q1,,,,,,,
2026-01-27,2026,1,F/2026/172,7934.58,E - Registrada,,,TRANSPARENTA CICLE INTEGRAL DE L'AIGUA SL,,Altres,portal_2026_Q1,,,,,,,
2026-02-04,2026,1,F/2026/232,308.78,E - Registrada,,,LYRECO ESPAÑA SA,,Altres,portal_2026_Q1,,,,,,,
2026-02-04,2026,1,F/2026/238,60.5,E - Registrada,,,WEB CULTURA SCP,,Altres,portal_2026_Q1,,,,,,,
2026-02-09,2026,1,F/2026/258,15.74,E - Registrada,,,"XAIS ADORACIÓ, S.L. CONDIS",,Altres,portal_2026_Q1,,,,,,,
2026-02-19,2026,1,F/2026/309,20822.99,E - Registrada,,,TALLER VIDAL AMILL SLU,,Altres,portal_2026_Q1,,,,,,,
2026-02-19,2026,1,F/2026/312,370.01,E - Registrada,,,"VIVANCOS HUSILLOS, EDUARD",,Altres,portal_2026_Q1,,,,,,,
2026-03-02,2026,1,F/2026/380,658.6,E - Registrada,,,GR-F GRAN RECORREGUT FEMINISTA,associació feminista Punt Lila Carnestoltes,Altres,portal_2026_Q1,,,,,,,
2026-03-02,2026,1,F/2026/391,387.2,E - Registrada,,,NETEGES CALAF SL,,Altres,portal_2026_Q1,,,,,,,
2026-03-02,2026,1,F/2026/396,8712.0,E - Registrada,,,PAVELLOBSA NET I SERVELL SL,,Altres,portal_2026_Q1,,,,,,,
2026-03-03,2026,1,F/2026/399,3514.95,E - Registrada,,,ENDESA ENERGIA SAU,,Altres,portal_2026_Q1,,,,,,,
2026-03-03,2026,1,F/2026/400,1868.23,E - Registrada,,,ENDESA ENERGIA SAU,,Altres,portal_2026_Q1,,,,,,,
2026-03-03,2026,1,F/2026/401,12.09,E - Registrada,,,ENDESA ENERGIA SAU,,Altres,portal_2026_Q1,,,,,,,
2026-03-03,2026,1,F/2026/402,42.88,E - Registrada,,,"XAIS ADORACIÓ, S.L. CONDIS",,Altres,portal_2026_Q1,,,,,,,
2026-03-03,2026,1,F/2026/403,77.4,E - Registrada,,,TRANSVISA EXPRES SL,Transport de mercaderies en general,Altres,portal_2026_Q1,,,,,,,
2026-03-03,2026,1,F/2026/404,71.39,E - Registrada,,,CONSTRUCTORA DE CALAF SA,,Altres,portal_2026_Q1,,,,,,,
2026-03-03,2026,1,F/2026/406,1149.5,E - Registrada,,,TALLER AURIA SCCL,,Altres,portal_2026_Q1,,,,,,,
2026-03-03,2026,1,F/2026/407,102.73,E - Registrada,,,CONSTRUCTORA DE CALAF SA,,Altres,portal_2026_Q1,,,,,,,
2026-03-04,2026,1,F/2026/415,369.76,E - Registrada,,,FERRETERIA RIERA SL,,Altres,portal_2026_Q1,,,,,,,
2026-03-04,2026,1,F/2026/421,181.5,E - Registrada,,,EMINFOR SL,,Altres,portal_2026_Q1,,,,,,,
2026-03-04,2026,1,F/2026/422,421.44,E - Registrada,,,METAL.LISTERIA MARCET SL,,Altres,portal_2026_Q1,,,,,,,
2026-03-04,2026,1,F/2026/423,778.49,E - Registrada,,,ARGERICH MECANICA SL,,Altres,portal_2026_Q1,,,,,,,
2026-03-04,2026,1,F/2026/424,428.15,E - Registrada,,,BENITO URBAN SLU,,Altres,portal_2026_Q1,,,,,,,
2026-03-04,2026,1,F/2026/425,595.68,E - Registrada,,,BENITO URBAN SLU,,Altres,portal_2026_Q1,,,,,,,
2026-03-04,2026,1,F/2026/426,1255.93,E - Registrada,,,BENITO URBAN SLU,,Altres,portal_2026_Q1,,,,,,,
2026-03-04,2026,1,F/2026/427,1553.64,E - Registrada,,,"MAQUINARIA AGRICOLA SEGUES, SL",,Altres,portal_2026_Q1,,,,,,,
2026-03-05,2026,1,F/2026/430,4.66,E - Registrada,,,ENDESA ENERGIA SAU,,Altres,portal_2026_Q1,,,,,,,
2026-03-05,2026,1,F/2026/431,1083.97,E - Registrada,,,ENDESA ENERGIA SAU,,Altres,portal_2026_Q1,,,,,,,
2026-03-05,2026,1,F/2026/432,819.64,E - Registrada,,,ENDESA ENERGIA SAU,,Altres,portal_2026_Q1,,,,,,,
2026-03-05,2026,1,F/2026/435,269.1,E - Registrada,,,EMINFOR SL,,Altres,portal_2026_Q1,,,,,,,
2026-03-05,2026,1,F/2026/436,1846.46,E - Registrada,,,LAGOUME SL,Serveis integrals de neteja i neteja general d’edificis,Obra pública,portal_2026_Q1,,,,,,,
2026-03-05,2026,1,F/2026/437,2312.23,E - Registrada,,,ESPUBLICO SERVICIOS PARA LA ADMINISTRACION SA,,Altres,portal_2026_Q1,,,,,,,
2026-03-06,2026,1,F/2026/438,1185.8,E - Registrada,,,ROC BARNILS VIRGILI,,Altres,portal_2026_Q1,,,,,,,
2026-03-06,2026,1,F/2026/445,216.38,E - Registrada,,,JOAN MONTANER CASTELLANA FUSTERIA M3G,,Altres,portal_2026_Q1,,,,,,,
2026-03-07,2026,1,F/2026/446,7.97,E - Registrada,,,ENDESA ENERGIA SAU,,Altres,portal_2026_Q1,,,,,,,
2026-03-07,2026,1,F/2026/448,145.2,E - Registrada,,,CONSTRUCCIONS CREUS I JIMENEZ OBRA CIVIL SL,,Altres,portal_2026_Q1,,,,,,,
2026-03-08,2026,1,F/2026/451,180.46,E - Registrada,,,ENDESA ENERGIA SAU,,Altres,portal_2026_Q1,,,,,,,
2026-03-08,2026,1,F/2026/452,165.76,E - Registrada,,,ENDESA ENERGIA SAU,,Altres,portal_2026_Q1,,,,,,,
2026-03-08,2026,1,F/2026/453,99.62,E - Registrada,,,ENDESA ENERGIA SAU,,Altres,portal_2026_Q1,,,,,,,
2026-03-09,2026,1,F/2026/460,891.17,E - Registrada,,,ACUSTIC ANOIA SL,,Altres,portal_2026_Q1,,,,,,,
2026-03-09,2026,1,F/2026/479,387.2,E - Registrada,,,NETEGES CALAF SL,,Altres,portal_2026_Q1,,,,,,,
2026-03-09,2026,1,F/2026/480,326.7,E - Registrada,,,NETEGES CALAF SL,,Altres,portal_2026_Q1,,,,,,,
2026-03-09,2026,1,F/2026/481,169.4,E - Registrada,,,NETEGES CALAF SL,,Altres,portal_2026_Q1,,,,,,,
2026-03-09,2026,1,F/2026/482,169.4,E - Registrada,,,NETEGES CALAF SL,,Altres,portal_2026_Q1,,,,,,,
2026-03-10,2026,1,F/2026/486,35.94,E - Registrada,,,PLANELL SA,,Altres,portal_2026_Q1,,,,,,,
2026-03-10,2026,1,F/2026/487,128.74,E - Registrada,,,PLANELL SA,,Altres,portal_2026_Q1,,,,,,,
2026-03-10,2026,1,F/2026/488,127.93,E - Registrada,,,PLANELL SA,,Altres,portal_2026_Q1,,,,,,,
2026-03-10,2026,1,F/2026/489,38.9,E - Registrada,,,PLANELL SA,,Altres,portal_2026_Q1,,,,,,,
2026-03-10,2026,1,F/2026/490,139.21,E - Registrada,,,PLANELL SA,,Altres,portal_2026_Q1,,,,,,,
2026-03-10,2026,1,F/2026/492,395.67,E - Registrada,,,PARQUES Y JARDINES FABREGAS SLU,,Altres,portal_2026_Q1,,,,,,,
2026-03-11,2026,1,F/2026/493,510.61,E - Registrada,,,ENDESA ENERGIA SAU,,Altres,portal_2026_Q1,,,,,,,
2026-03-11,2026,1,F/2026/494,542.36,E - Registrada,,,ENDESA ENERGIA SAU,,Altres,portal_2026_Q1,,,,,,,
2026-03-11,2026,1,F/2026/495,168.81,E - Registrada,,,ENDESA ENERGIA SAU,,Altres,portal_2026_Q1,,,,,,,
2026-03-11,2026,1,F/2026/496,93.75,E - Registrada,,,ENDESA ENERGIA SAU,,Altres,portal_2026_Q1,,,,,,,
2026-03-11,2026,1,F/2026/497,169.73,E - Registrada,,,ENDESA ENERGIA SAU,,Altres,portal_2026_Q1,,,,,,,
2026-03-11,2026,1,F/2026/498,93.75,E - Registrada,,,ENDESA ENERGIA SAU,,Altres,portal_2026_Q1,,,,,,,
2026-03-11,2026,1,F/2026/499,749.0,E - Registrada,,,ASSOCIACIO CATALANA DE MUNICIPIS I COMARQUES ( NOU NIF A PARTIR 1/1/15 ),,Altres,portal_2026_Q1,,,,,,,
2026-03-12,2026,1,F/2026/509,63.4,E - Registrada,,,MULE CALAF SLL,,Altres,portal_2026_Q1,,,,,,,
2026-03-12,2026,1,F/2026/510,686.24,E - Registrada,,,SERVICIOS DE SALUD Y SEGUNDA OPINION SL,,Altres,portal_2026_Q1,,,,,,,
2026-03-12,2026,1,F/2026/512,145.2,E - Registrada,,,EDUARD VALLS BALSELLS,Arquitecte Tècnic (Aparellador),Altres,portal_2026_Q1,,,,,,,
2026-03-13,2026,1,F/2026/513,434.54,E - Registrada,,,ENDESA ENERGIA SAU,,Altres,portal_2026_Q1,,,,,,,
2026-03-13,2026,1,F/2026/514,406.69,E - Registrada,,,ENDESA ENERGIA SAU,,Altres,portal_2026_Q1,,,,,,,
2026-03-13,2026,1,F/2026/515,2081.85,E - Registrada,,,ENDESA ENERGIA SAU,,Altres,portal_2026_Q1,,,,,,,
2026-03-13,2026,1,F/2026/516,112.0,E - Registrada,,,ENDESA ENERGIA SAU,,Altres,portal_2026_Q1,,,,,,,
2026-03-16,2026,1,F/2026/520,786.5,E - Registrada,,,ASSOCIACIÓ PROTECTORA D' ANIMALS DE L' ANOIA,,Altres,portal_2026_Q1,,,,,,,
2026-03-16,2026,1,F/2026/521,925.27,E - Registrada,,,MANUEL HERNAN FERNANDEZ,Veterinari,Altres,portal_2026_Q1,,,,,,,
2026-03-16,2026,1,F/2026/522,145.3,E - Registrada,,,MANUEL HERNAN FERNANDEZ,Veterinari,Altres,portal_2026_Q1,,,,,,,
2026-03-16,2026,1,F/2026/523,1191.5,E - Registrada,,,MANUEL HERNAN FERNANDEZ,Veterinari,Altres,portal_2026_Q1,,,,,,,
2026-03-17,2026,1,F/2026/524,21.78,E - Registrada,,,COMERCIAL GLOBAL PAYMENTS SL,,Altres,portal_2026_Q1,,,,,,,
2026-03-17,2026,1,F/2026/528,17646.01,E - Registrada,,,TRANSPARENTA CICLE INTEGRAL DE L'AIGUA SL,,Altres,portal_2026_Q1,,,,,,,
2026-03-17,2026,1,F/2026/530,1178.65,E - Registrada,,,VODAFONE ESPAÑA SAU,,Altres,portal_2026_Q1,,,,,,,
2026-03-18,2026,1,F/2026/531,54.62,E - Registrada,,,SOCIEDAD GENERAL DE AUTORES Y EDITORES SGDPI,,Altres,portal_2026_Q1,,,,,,,
2026-03-19,2026,1,F/2026/533,1448.75,E - Registrada,,,ELECTRA CALDENSE ENERGIA SA,,Altres,portal_2026_Q1,,,,,,,
2026-03-19,2026,1,F/2026/534,139.85,E - Registrada,,,ELECTRA CALDENSE ENERGIA SA,,Altres,portal_2026_Q1,,,,,,,
2026-03-19,2026,1,F/2026/535,252.58,E - Registrada,,,ELECTRA CALDENSE ENERGIA SA,,Altres,portal_2026_Q1,,,,,,,
2026-03-19,2026,1,F/2026/536,395.95,E - Registrada,,,ELECTRA CALDENSE ENERGIA SA,,Altres,portal_2026_Q1,,,,,,,
2026-03-19,2026,1,F/2026/537,59.56,E - Registrada,,,ELECTRA CALDENSE ENERGIA SA,,Altres,portal_2026_Q1,,,,,,,
2026-03-19,2026,1,F/2026/538,291.08,E - Registrada,,,ELECTRA CALDENSE ENERGIA SA,,Altres,portal_2026_Q1,,,,,,,
2026-03-19,2026,1,F/2026/539,191.37,E - Registrada,,,ELECTRA CALDENSE ENERGIA SA,,Altres,portal_2026_Q1,,,,,,,
2026-03-19,2026,1,F/2026/540,76.27,E - Registrada,,,ELECTRA CALDENSE ENERGIA SA,,Altres,portal_2026_Q1,,,,,,,
2026-03-19,2026,1,F/2026/541,131.02,E - Registrada,,,ELECTRA CALDENSE ENERGIA SA,,Altres,portal_2026_Q1,,,,,,,
2026-03-19,2026,1,F/2026/542,899.02,E - Registrada,,,ELECTRA CALDENSE ENERGIA SA,,Altres,portal_2026_Q1,,,,,,,
2026-03-19,2026,1,F/2026/543,247550.99,E - Registrada,,,ROMA INFRAESTRUCTURES I SERVEIS SA,RESIDÈNCIA,Obra pública,portal_2026_Q1,,,,,,,
2026-03-19,2026,1,F/2026/544,1398.76,E - Registrada,,,CARMABER 2000 SL,"Comerç al per menor de mobiliari d’oficina,",Altres,portal_2026_Q1,,,,,,,
2026-03-19,2026,1,F/2026/545,1530.42,E - Registrada,,,DAIMLER TRUCK FINANCIAL SERVICES ESPAÑA SAU,,Altres,portal_2026_Q1,,,,,,,
2026-03-19,2026,1,F/2026/546,1451.23,E - Registrada,,,ID WASTE SL,,Altres,portal_2026_Q1,,,,,,,
2026-03-19,2026,1,F/2026/547,871.2,E - Registrada,,,FLAMA FARRES SL,"Instal·lacions de gas, reparació, manteniment i instal·lació de calefacció",Manteniment,portal_2026_Q1,,,,,,,
2026-03-19,2026,1,F/2026/548,1649.0,E - Registrada,,,ASSOCIACIO CULTURAL  RECREATIVA UNIO CALAFINA,,Altres,portal_2026_Q1,,,,,,,
2026-03-20,2026,1,F/2026/549,1350.0,E - Registrada,,,"CLOTET I NYAFENEGGER, PIA",,Altres,portal_2026_Q1,,,,,,,
2026-03-20,2026,1,F/2026/550,45.0,E - Registrada,,,"CLOTET I NYAFENEGGER, PIA",,Altres,portal_2026_Q1,,,,,,,
2026-03-20,2026,1,F/2026/551,989.49,E - Registrada,,,VODAFONE ESPAÑA SAU,,Altres,portal_2026_Q1,,,,,,,
2026-03-20,2026,1,F/2026/552,608.03,E - Registrada,,,GRUPO T AMBIENTAL ASLE SL,,Altres,portal_2026_Q1,,,,,,,
2026-03-23,2026,1,F/2026/553,7840.8,E - Registrada,,,ECOPIME PROJECTS SL,RESIDÈNCIA,Obra pública,portal_2026_Q1,,,,,,,
2026-03-23,2026,1,F/2026/554,1266.49,E - Registrada,,,IBERDROLA CLIENTES SAU,,Altres,portal_2026_Q1,,,,,,,
2026-03-23,2026,1,F/2026/555,682.44,E - Registrada,,,SOLITIUM CONTROL GROUP SA,,Altres,portal_2026_Q1,,,,,,,
2026-03-23,2026,1,F/2026/556,1789.7,E - Registrada,,,GRUPO T AMBIENTAL ASLE SL,,Altres,portal_2026_Q1,,,,,,,
2026-03-23,2026,1,F/2026/558,98.37,E - Registrada,,,PLANELL SA,,Altres,portal_2026_Q1,,,,,,,
2026-03-23,2026,1,F/2026/559,17.65,E - Registrada,,,PLANELL SA,,Altres,portal_2026_Q1,,,,,,,
2026-03-23,2026,1,F/2026/560,47.07,E - Registrada,,,PLANELL SA,,Altres,portal_2026_Q1,,,,,,,
2026-03-23,2026,1,F/2026/561,56.7,E - Registrada,,,PLANELL SA,,Altres,portal_2026_Q1,,,,,,,
2026-03-23,2026,1,F/2026/562,15.79,E - Registrada,,,PLANELL SA,,Altres,portal_2026_Q1,,,,,,,
2026-03-23,2026,1,F/2026/563,5.88,E - Registrada,,,PLANELL SA,,Altres,portal_2026_Q1,,,,,,,
2026-03-24,2026,1,F/2026/568,34.8,E - Registrada,,,TELEFONICA DE ESPAÑA SAU,,Altres,portal_2026_Q1,,,,,,,
2026-03-24,2026,1,F/2026/569,653.4,E - Registrada,,,"COSTA PERARNAU, JOSEP MARIA","Autor de llibres infantils i juvenils, músic i compositor.",Altres,portal_2026_Q1,,,,,,,
2026-03-24,2026,1,F/2026/570,847.25,E - Registrada,,,BLANCA CAMACHO LOPEZ-BARAJAS,Notària (Notario Público),Altres,portal_2026_Q1,,,,,,,
2026-03-24,2026,1,F/2026/571,152.8,E - Registrada,,,BLANCA CAMACHO LOPEZ-BARAJAS,Notària (Notario Público),Altres,portal_2026_Q1,,,,,,,
2026-03-24,2026,1,F/2026/572,77.24,E - Registrada,,,AMAZON BUSINESS EU SARL SUCURSAL ESPAÑA,,Altres,portal_2026_Q1,,,,,,,
2026-03-25,2026,1,F/2026/574,392.04,E - Registrada,,,COPIATELA SCP,,Altres,portal_2026_Q1,,,,,,,
2026-03-25,2026,1,F/2026/575,698.13,E - Registrada,,,ANALEMA SERVEIS ENERGETICS SCCL,,Altres,portal_2026_Q1,,,,,,,
2026-03-25,2026,1,F/2026/576,578.38,E - Registrada,,,ANALEMA SERVEIS ENERGETICS SCCL,,Altres,portal_2026_Q1,,,,,,,
2026-03-25,2026,1,F/2026/577,742.25,E - Registrada,,,ANTICIMEX 3D SANIDAD AMBIENTAL SA,,Altres,portal_2026_Q1,,,,,,,
2026-03-26,2026,1,F/2026/579,232.03,E - Registrada,,,ELECTRICA PINTO SL,,Altres,portal_2026_Q1,,,,,,,
2026-03-26,2026,1,F/2026/580,704.58,E - Registrada,,,ELECTRICA PINTO SL,,Altres,portal_2026_Q1,,,,,,,
2026-03-27,2026,1,F/2026/581,6.6,E - Registrada,,,FACTOR ENERGIA SA,,Altres,portal_2026_Q1,,,,,,,
2026-03-27,2026,1,F/2026/582,70.69,E - Registrada,,,FACTOR ENERGIA SA,,Altres,portal_2026_Q1,,,,,,,
2026-03-27,2026,1,F/2026/583,15.79,E - Registrada,,,FACTOR ENERGIA SA,,Altres,portal_2026_Q1,,,,,,,
2026-03-27,2026,1,F/2026/584,46.62,E - Registrada,,,FACTOR ENERGIA SA,,Altres,portal_2026_Q1,,,,,,,
2026-03-27,2026,1,F/2026/585,37.62,E - Registrada,,,FACTOR ENERGIA SA,,Altres,portal_2026_Q1,,,,,,,
2026-03-27,2026,1,F/2026/586,13.05,E - Registrada,,,FACTOR ENERGIA SA,,Altres,portal_2026_Q1,,,,,,,
2026-03-27,2026,1,F/2026/587,70.15,E - Registrada,,,FACTOR ENERGIA SA,,Altres,portal_2026_Q1,,,,,,,
2026-03-27,2026,1,F/2026/588,44.07,E - Registrada,,,FACTOR ENERGIA SA,,Altres,portal_2026_Q1,,,,,,,
2026-03-27,2026,1,F/2026/589,11.47,E - Registrada,,,FACTOR ENERGIA SA,,Altres,portal_2026_Q1,,,,,,,
2026-03-27,2026,1,F/2026/590,37.51,E - Registrada,,,FACTOR ENERGIA SA,,Altres,portal_2026_Q1,,,,,,,
2026-03-27,2026,1,F/2026/591,20.78,E - Registrada,,,FACTOR ENERGIA SA,,Altres,portal_2026_Q1,,,,,,,
2026-03-27,2026,1,F/2026/592,21.82,E - Registrada,,,FACTOR ENERGIA SA,,Altres,portal_2026_Q1,,,,,,,
2026-03-27,2026,1,F/2026/593,67.29,E - Registrada,,,FACTOR ENERGIA SA,,Altres,portal_2026_Q1,,,,,,,
2026-03-27,2026,1,F/2026/594,118.62,E - Registrada,,,FACTOR ENERGIA SA,,Altres,portal_2026_Q1,,,,,,,
2026-03-27,2026,1,F/2026/595,62.85,E - Registrada,,,FACTOR ENERGIA SA,,Altres,portal_2026_Q1,,,,,,,
2026-03-27,2026,1,F/2026/596,2.18,E - Registrada,,,FACTOR ENERGIA SA,,Altres,portal_2026_Q1,,,,,,,
2026-03-27,2026,1,F/2026/597,23.96,E - Registrada,,,FACTOR ENERGIA SA,,Altres,portal_2026_Q1,,,,,,,
2026-03-27,2026,1,F/2026/598,64.96,E - Registrada,,,FACTOR ENERGIA SA,,Altres,portal_2026_Q1,,,,,,,
2026-03-27,2026,1,F/2026/599,70.92,E - Registrada,,,FACTOR ENERGIA SA,,Altres,portal_2026_Q1,,,,,,,
2026-03-27,2026,1,F/2026/600,9.65,E - Registrada,,,FACTOR ENERGIA SA,,Altres,portal_2026_Q1,,,,,,,
2026-03-27,2026,1,F/2026/601,689.04,E - Registrada,,,PROSETEL 95 SLU,,Altres,portal_2026_Q1,,,,,,,
2026-03-27,2026,1,F/2026/602,110.0,E - Registrada,,,MONICA TORRA SOLANO,"Narradora, actriu i creadora de contingut per a infants i família.",Altres,portal_2026_Q1,,,,,,,
2026-03-28,2026,1,F/2026/604,332.75,E - Registrada,,,CA L'HUGUET JARDINERS SL,,Altres,portal_2026_Q1,,,,,,,
2026-03-28,2026,1,F/2026/605,2160.0,E - Registrada,,,MONTSERRAT CEBALLOS MIGUEL,Mòduls de formació en atenció sociosanitària.,Altres,portal_2026_Q1,,,,,,,
2026-03-30,2026,1,F/2026/606,11.29,E - Registrada,,,FACTOR ENERGIA SA,,Altres,portal_2026_Q1,,,,,,,
2026-03-30,2026,1,F/2026/607,13.4,E - Registrada,,,FACTOR ENERGIA SA,,Altres,portal_2026_Q1,,,,,,,
2026-03-30,2026,1,F/2026/608,42.39,E - Registrada,,,FACTOR ENERGIA SA,,Altres,portal_2026_Q1,,,,,,,
2026-03-30,2026,1,F/2026/609,95.1,E - Registrada,,,FACTOR ENERGIA SA,,Altres,portal_2026_Q1,,,,,,,
2026-03-30,2026,1,F/2026/610,4.79,E - Registrada,,,FACTOR ENERGIA SA,,Altres,portal_2026_Q1,,,,,,,
2026-03-30,2026,1,F/2026/611,15.79,E - Registrada,,,FACTOR ENERGIA SA,,Altres,portal_2026_Q1,,,,,,,
2026-03-30,2026,1,F/2026/612,59.2,E - Registrada,,,FACTOR ENERGIA SA,,Altres,portal_2026_Q1,,,,,,,
2026-03-30,2026,1,F/2026/613,3216.71,E - Registrada,,,ISERVEIS EINSTIC SL,,Altres,portal_2026_Q1,,,,,,,
2026-03-30,2026,1,F/2026/614,23.38,E - Registrada,,,FACTOR ENERGIA SA,,Altres,portal_2026_Q1,,,,,,,
2026-03-30,2026,1,F/2026/615,67.52,E - Registrada,,,FACTOR ENERGIA SA,,Altres,portal_2026_Q1,,,,,,,
2026-03-30,2026,1,F/2026/616,125.29,E - Registrada,,,FACTOR ENERGIA SA,,Altres,portal_2026_Q1,,,,,,,
2026-03-30,2026,1,F/2026/617,77.25,E - Registrada,,,FACTOR ENERGIA SA,,Altres,portal_2026_Q1,,,,,,,
2026-03-30,2026,1,F/2026/618,72.51,E - Registrada,,,FACTOR ENERGIA SA,,Altres,portal_2026_Q1,,,,,,,
2026-03-30,2026,1,F/2026/619,181.36,E - Registrada,,,FACTOR ENERGIA SA,,Altres,portal_2026_Q1,,,,,,,
2026-03-30,2026,1,F/2026/620,34.74,E - Registrada,,,FACTOR ENERGIA SA,,Altres,portal_2026_Q1,,,,,,,
2026-03-30,2026,1,F/2026/621,58.51,E - Registrada,,,FACTOR ENERGIA SA,,Altres,portal_2026_Q1,,,,,,,
2026-03-30,2026,1,F/2026/622,5.97,E - Registrada,,,FACTOR ENERGIA SA,,Altres,portal_2026_Q1,,,,,,,
2026-03-30,2026,1,F/2026/623,142.93,E - Registrada,,,ID WASTE SL,,Altres,portal_2026_Q1,,,,,,,
2026-03-30,2026,1,F/2026/624,538.21,E - Registrada,,,EMINFOR SL,,Altres,portal_2026_Q1,,,,,,,
2026-03-31,2026,1,F/2026/625,55.66,E - Registrada,,,CARDIOSOS GLOBAL PROTECTION SL,,Altres,portal_2026_Q1,,,,,,,
2026-03-31,2026,1,F/2026/626,167.1,E - Registrada,,,SOLITIUM CONTROL GROUP SA,,Altres,portal_2026_Q1,,,,,,,
2026-03-31,2026,1,F/2026/627,6624.97,E - Registrada,,,ACRONET NETEJA SL,,Altres,portal_2026_Q1,,,,,,,
2026-03-31,2026,1,F/2026/628,9.9,E - Registrada,,,"FONT SABALA, MERITXELL - FARMACIA",,Altres,portal_2026_Q1,,,,,,,
2026-03-31,2026,1,F/2026/629,322.59,E - Registrada,,,SOLITIUM CONTROL GROUP SA,,Altres,portal_2026_Q1,,,,,,,
2026-03-31,2026,1,F/2026/630,2315.13,E - Registrada,,,NETEGES CALAF SL,,Altres,portal_2026_Q1,,,,,,,
2026-03-31,2026,1,F/2026/631,411.4,E - Registrada,,,NETEGES CALAF SL,,Altres,portal_2026_Q1,,,,,,,
2026-03-31,2026,1,F/2026/633,1067.22,E - Registrada,,,NETEGES CALAF SL,,Altres,portal_2026_Q1,,,,,,,
2026-03-31,2026,1,F/2026/634,266.2,E - Registrada,,,CALAF TOT NET SL,,Altres,portal_2026_Q1,,,,,,,
2026-03-31,2026,1,F/2026/635,2715.24,E - Registrada,,,TALLER AURIA SCCL,,Altres,portal_2026_Q1,,,,,,,
2026-03-31,2026,1,F/2026/636,5625.69,E - Registrada,,,TALLER AURIA SCCL,,Altres,portal_2026_Q1,,,,,,,
2026-03-31,2026,1,F/2026/637,46.7,E - Registrada,,,GREMI INSTAL.LADORS DEL L'ANOIA,,Altres,portal_2026_Q1,,,,,,,
2026-03-31,2026,1,F/2026/638,2312.23,E - Registrada,,,ESPUBLICO SERVICIOS PARA LA ADMINISTRACION SA,,Altres,portal_2026_Q1,,,,,,,
2026-03-31,2026,1,F/2026/639,175.45,E - Registrada,,,PARQUES Y JARDINES FABREGAS SLU,,Altres,portal_2026_Q1,,,,,,,
2026-03-31,2026,1,F/2026/640,460.0,E - Registrada,,,AUTOCARS PRATS SERRAT SL,,Altres,portal_2026_Q1,,,,,,,
